t,x,v
0.0,2.0289192546578856,0.0020461027928056355
0.01877346683354193,2.004776814905018,-0.1643348931356547
0.03754693366708386,2.0094731060967503,-0.36064628765352474
0.056320400500625784,1.9766995001947862,-0.57503658629065
0.07509386733416772,1.979707888163928,-0.7438127735820748
0.09386733416770965,1.973310885257313,-0.9039957278476893
0.11264080100125157,1.9232087813648173,-1.0725514190350427
0.1314142678347935,1.9305127665669815,-1.2384448830273487
0.15018773466833543,1.8758687440881598,-1.3946766572671414
0.16896120150187735,1.87094802173618,-1.5347114432227251
0.1877346683354193,1.847762375719595,-1.7135662784855108
0.20650813516896122,1.7902418185243203,-1.8200832294618843
0.22528160200250313,1.7306227083309023,-1.9457829417136803
0.24405506883604508,1.7098155372335715,-2.091045626519878
0.262828535669587,1.7152972405482516,-2.197229074219685
0.28160200250312895,1.6381661590417376,-2.295652930775045
0.30037546933667086,1.598195283641148,-2.4111864393846276
0.3191489361702128,1.5591874542672275,-2.4454585170510743
0.3379224030037547,1.5250909573824976,-2.5612538623660055
0.3566958698372967,1.462886925795677,-2.6283626394984427
0.3754693366708386,1.419939546801525,-2.728491481436589
0.3942428035043805,1.366123014959848,-2.7703606696033263
0.41301627033792243,1.3377589605780877,-2.828993803863799
0.43178973717146435,1.274995299689477,-2.8949020034756416
0.45056320400500627,1.2019108024808636,-2.9270302629749465
0.46933667083854824,1.1230810432639968,-2.9324644552172825
0.48811013767209016,1.0653279478435367,-2.981024032511394
0.5068836045056321,1.014795079116761,-2.995522090243925
0.525657071339174,0.9778016623715373,-3.067365601003034
0.5444305381727159,0.9293421952877909,-3.052694051536459
0.5632040050062579,0.8982677601789658,-3.035410231363377
0.5819774718397998,0.8198371074410068,-3.1092198359792316
0.6007509386733417,0.7782308938612076,-3.0667024945576786
0.6195244055068837,0.6595199103101366,-3.0643757333917208
0.6382978723404256,0.6538395299262998,-3.1022237825204795
0.6570713391739675,0.5916035433401672,-3.0752587611764155
0.6758448060075094,0.5020124334013213,-3.07304952721951
0.6946182728410514,0.4394190446413426,-3.0548354866415557
0.7133917396745934,0.4031233177693865,-3.0306663942250376
0.7321652065081352,0.3683999379669852,-3.0480523351123305
0.7509386733416772,0.30504042121713176,-3.0538260325062194
0.769712140175219,0.23961746073133583,-3.0406353592397455
0.788485607008761,0.15959628463658979,-2.99431635712983
0.807259073842303,0.09984689180239562,-2.98240818986065
0.8260325406758449,0.029796400674611555,-2.9906640870631116
0.8448060075093868,0.01280397469156953,-2.931466889257636
0.8635794743429287,-0.07556154015107623,-2.912953021489232
0.8823529411764707,-0.10305723210701201,-2.8815873918227224
0.9011264080100125,-0.16884249134432663,-2.9164105819804305
0.9198998748435545,-0.2110408508906471,-2.9075683893776887
0.9386733416770965,-0.2689149528538534,-2.866754740825678
0.9574468085106383,-0.29923025141880344,-2.8367000732326746
0.9762202753441803,-0.40249852307330325,-2.845440392224472
0.9949937421777222,-0.44948285076041816,-2.8353821228032956
1.0137672090112642,-0.5248605526032443,-2.7281279262925793
1.0325406758448061,-0.5510488953004226,-2.7166226947127603
1.051314142678348,-0.6005013871424217,-2.7204082904413456
1.0700876095118899,-0.6700016703787925,-2.6568352163714968
1.0888610763454318,-0.6943729054897637,-2.616016267505948
1.1076345431789738,-0.749817355341503,-2.588495153057569
1.1264080100125158,-0.7556949674957082,-2.6058922589914615
1.1451814768460578,-0.8239125916558133,-2.557149446292316
1.1639549436795995,-0.9027389198343052,-2.492568835707459
1.1827284105131415,-0.9106256497228453,-2.4236901196327874
1.2015018773466835,-0.9788381512774191,-2.383167357205561
1.2202753441802254,-1.0057468378516479,-2.3523420076687493
1.2390488110137674,-1.0790912261576808,-2.2977100294417765
1.2578222778473092,-1.033892241185081,-2.2600367930390997
1.2765957446808511,-1.14805264016811,-2.19905140709725
1.295369211514393,-1.1579637656873425,-2.082194373420309
1.314142678347935,-1.1977912760107756,-2.0115191517233284
1.332916145181477,-1.2636035394971112,-1.9467911514460745
1.3516896120150188,-1.3148784263508402,-1.8748073229225615
1.3704630788485608,-1.3042230648764495,-1.8398486879405087
1.3892365456821028,-1.3485511861038462,-1.767223611745781
1.4080100125156447,-1.4269849525321394,-1.6882208326954349
1.4267834793491867,-1.4514861359100049,-1.5945313496454
1.4455569461827285,-1.4605107296556525,-1.4451898369124248
1.4643304130162704,-1.4902842594123238,-1.401108972286511
1.4831038798498124,-1.496801497806548,-1.29050644312924
1.5018773466833544,-1.5317091768595184,-1.1760623820799667
1.5206508135168963,-1.5461075009791752,-1.0931334882292314
1.539424280350438,-1.5789658687463846,-0.9539455458184534
1.55819774718398,-1.598775086473253,-0.8680334261725634
1.576971214017522,-1.6003620578534796,-0.7435883995104913
1.595744680851064,-1.6258242061828152,-0.6278352068122338
1.614518147684606,-1.6305610900019407,-0.5508718949584647
1.6332916145181477,-1.6262551462430506,-0.4267743719605192
1.6520650813516897,-1.584602788212622,-0.2876484219368091
1.6708385481852317,-1.6557563845283934,-0.16016775368753397
1.6896120150187737,-1.6230924725209113,-0.03070717259674613
1.7083854818523156,-1.6462848739952916,0.07617891713844188
1.7271589486858574,-1.6361299749275744,0.17151267172529108
1.7459324155193994,-1.676134389314068,0.2838750895501197
1.7647058823529413,-1.6908659288946966,0.3778530412075269
1.7834793491864833,-1.603820686661813,0.5093976461800805
1.802252816020025,-1.6213848286710817,0.5964083525991295
1.821026282853567,-1.6250902657878992,0.7056775069740472
1.839799749687109,-1.6213491260773492,0.77665627091473
1.858573216520651,-1.5565600328752023,0.9547640527350822
1.877346683354193,-1.5717252400811428,1.0333712625999505
1.8961201501877347,-1.5636349777813192,1.1178628417403382
1.9148936170212767,-1.5450106117027331,1.2182029838149995
1.9336670838548187,-1.4929118244521922,1.2598134268050014
1.9524405506883606,-1.4581067463441943,1.3997027273849003
1.9712140175219026,-1.4425768692005643,1.4431867606411293
1.9899874843554444,-1.4146709498303383,1.519728262135241
2.0087609511889863,-1.3607451159907664,1.6121216294002478
2.0275344180225283,-1.3975400532775952,1.6753821039528054
2.0463078848560703,-1.3278413965150724,1.7453356037543817
2.0650813516896123,-1.2818736865809024,1.7879287895864469
2.0838548185231542,-1.2676696850290974,1.7944964014996911
2.102628285356696,-1.2179173653210027,1.8892542744422924
2.121401752190238,-1.1724546493298273,1.9304067861707852
2.1401752190237797,-1.1463272953136274,1.9701397514135046
2.1589486858573217,-1.1303021801622015,1.9902368338418535
2.1777221526908637,-1.1072160011120538,2.025870025959769
2.1964956195244056,-1.0439170495144945,2.0584971797566074
2.2152690863579476,-0.9779287148183587,2.085946131876052
2.2340425531914896,-1.0176069038526454,2.1363074668692765
2.2528160200250316,-0.9165755639821436,2.145664954352978
2.2715894868585735,-0.8953287166138643,2.16516366787813
2.2903629536921155,-0.808253263711945,2.1320723301311
2.3091364205256575,-0.7735744231969469,2.1591521091059476
2.327909887359199,-0.7726261260982071,2.189036435378514
2.346683354192741,-0.6742052083269712,2.161741074112699
2.365456821026283,-0.6874794269966549,2.2057564486424504
2.384230287859825,-0.6201652834870801,2.2077247582959636
2.403003754693367,-0.5830853308368896,2.1925893818564206
2.421777221526909,-0.5346199939215975,2.2362226738770334
2.440550688360451,-0.5306237172005238,2.1995092694825393
2.459324155193993,-0.4589569080546002,2.2208606373022626
2.478097622027535,-0.4147334996117508,2.1872378132369037
2.4968710888610763,-0.3917375927249522,2.198303627860105
2.5156445556946183,-0.315135698438456,2.2015640989400027
2.5344180225281603,-0.31122538908328157,2.179494604987078
2.5531914893617023,-0.2598562515293657,2.215052999869937
2.5719649561952442,-0.25004893761482394,2.1857993713466715
2.590738423028786,-0.1676185745846225,2.215159748186093
2.609511889862328,-0.12340244193966585,2.1931545768828524
2.62828535669587,-0.09564361082261155,2.1279051420087303
2.647058823529412,-0.08483821490807111,2.130737908001676
2.665832290362954,-0.013269466601471816,2.1280510278947427
2.6846057571964956,0.014525596137750781,2.1582641122154747
2.7033792240300376,0.015362876200258287,2.087860878038205
2.7221526908635796,0.15139567498332074,2.1018144939271846
2.7409261576971216,0.12880678002602783,2.0588212501683754
2.7596996245306635,0.19752896775047535,2.0807730549715595
2.7784730913642055,0.23629744932739918,2.0249883489276255
2.7972465581977475,0.26101923913515107,2.0304247182903796
2.8160200250312895,0.30528331787039586,1.9852204572975185
2.8347934918648314,0.3460635699221573,2.030991940002295
2.8535669586983734,0.3438001272206977,1.9990138858524304
2.872340425531915,0.4422955389775452,1.9797334802151463
2.891113892365457,0.44421671095155535,1.94403444255288
2.909887359198999,0.470756630055754,1.9244400676313964
2.928660826032541,0.4963145204852833,1.8986321158658386
2.947434292866083,0.5357718135445042,1.8446564735753617
2.966207759699625,0.6180869652835072,1.8118287839720304
2.9849812265331668,0.6583865532307808,1.7793903087054166
3.0037546933667088,0.6752022478093027,1.8002026165898537
3.0225281602002507,0.6569796253255427,1.7577219048230985
3.0413016270337927,0.7019999174877025,1.7189522911726878
3.0600750938673342,0.7728513523964425,1.6832693985244
3.078848560700876,0.7477614622724501,1.697091331128432
3.097622027534418,0.8257666862953928,1.6404387507629088
3.11639549436796,0.8425920826181004,1.6188630012711576
3.135168961201502,0.8856590538553311,1.5652109693606728
3.153942428035044,0.8952178480653727,1.5505473556215026
3.172715894868586,0.965028555974337,1.4977579040977052
3.191489361702128,1.0238373083764467,1.4506854331401071
3.21026282853567,0.9936252445469962,1.4330916149630433
3.229036295369212,1.021752261798918,1.3620472669416184
3.2478097622027535,1.0335636837210032,1.3192390847739246
3.2665832290362955,1.0307762240435305,1.2457681655026156
3.2853566958698375,1.0661845580620846,1.1656004076444186
3.3041301627033794,1.1324990492055031,1.1509986302874464
3.3229036295369214,1.113682717286769,1.1115601692293637
3.3416770963704634,1.126488633508677,1.0666520735247442
3.3604505632040054,1.1995302377321622,0.9623951498527743
3.3792240300375473,1.2131288704358487,0.9371959936979894
3.3979974968710893,1.2290040679992817,0.8772641012851707
3.4167709637046313,1.204635166691124,0.7796970150478517
3.435544430538173,1.2138785354779835,0.7395716156808028
3.454317897371715,1.2713641013979229,0.6992275691521223
3.4730913642052568,1.2683789441342794,0.6516467547057043
3.4918648310387987,1.2359245052290202,0.5326191113967411
3.5106382978723407,1.2599045741153148,0.49170058575781617
3.5294117647058827,1.2579134207939238,0.4116598634139316
3.5481852315394247,1.3267979045132885,0.37649678160590716
3.5669586983729666,1.336547242582039,0.27703347710311477
3.5857321652065086,1.289014111736327,0.2260776027793733
3.60450563204005,1.294703961696836,0.15077551224958552
3.623279098873592,1.3129465572071972,0.09547251242820227
3.642052565707134,1.3458537343064518,0.04500427232815002
3.660826032540676,1.3353744994604666,-0.05471419632781361
3.679599499374218,1.3282280387433816,-0.1251859118827939
3.69837296620776,1.2934976052152587,-0.2146812655492139
3.717146433041302,1.2963067001421802,-0.23913511642681426
3.735919899874844,1.31660390696533,-0.3130632644060818
3.754693366708386,1.3080358084815815,-0.3889597924247389
3.773466833541928,1.3223823293219488,-0.4368505959444171
3.7922403003754694,1.2733008107050046,-0.4875683473444219
3.8110137672090114,1.2667240735636636,-0.5539901056878368
3.8297872340425534,1.2889077331904966,-0.6354168507688714
3.8485607008760954,1.2410972626285284,-0.6793152984402755
3.8673341677096373,1.2345631969259363,-0.6922202278399069
3.8861076345431793,1.2378913715061515,-0.7573545840168242
3.9048811013767213,1.1526217833943586,-0.8250704061833386
3.9236545682102633,1.1940737439342046,-0.8737780041978732
3.9424280350438052,1.171851889208447,-0.9458423030465269
3.961201501877347,1.1679296021512842,-0.9821817620093386
3.9799749687108887,1.134601406766175,-1.034164267327331
3.9987484355444307,1.11095059089403,-1.0532497307294404
4.017521902377973,1.111204202341382,-1.1045173116549205
4.036295369211515,1.0752804818991606,-1.1457592842687074
4.055068836045057,1.069753093718205,-1.186327177759142
4.073842302878599,1.0233536040979445,-1.2092712565789465
4.092615769712141,0.9975258506380253,-1.2374237268756758
4.111389236545683,1.0157672642778983,-1.2734392199142512
4.1301627033792245,0.9881206634499197,-1.2824008025103792
4.1489361702127665,0.9374917296569852,-1.313259321955345
4.1677096370463085,0.9379043619618347,-1.3686545073601941
4.1864831038798505,0.8974338012682682,-1.34896140924379
4.205256570713392,0.8422794179658861,-1.367682786808042
4.224030037546934,0.8441908353495853,-1.4302133906973655
4.242803504380476,0.8133925408939329,-1.4600104079195295
4.2615769712140175,0.7523129062175234,-1.4778942273379811
4.280350438047559,0.7546984948781312,-1.469681391181936
4.299123904881101,0.7063596035328417,-1.4858818584005347
4.317897371714643,0.6919382118362993,-1.4936636836604746
4.336670838548185,0.6554515656080171,-1.493998521207879
4.355444305381727,0.6180506190957046,-1.5170932107730675
4.374217772215269,0.6322098945924959,-1.5068943536580406
4.392991239048811,0.5439348708216362,-1.489211807358853
4.411764705882353,0.5345235352957308,-1.4925643155161326
4.430538172715895,0.5250212724967785,-1.510746946116992
4.449311639549437,0.45849862500522853,-1.5493403962829184
4.468085106382979,0.4522282564464453,-1.547633436978446
4.486858573216521,0.4204419599378932,-1.5506360185788426
4.505632040050063,0.4047791991871834,-1.550960594622815
4.524405506883605,0.37527916757627106,-1.5319069970283756
4.543178973717147,0.31378105552942354,-1.542427672254139
4.561952440550689,0.30096077269418703,-1.538030032317848
4.580725907384231,0.30377971434592155,-1.56173100307111
4.599499374217773,0.25504527209640787,-1.512297557232831
4.618272841051315,0.25503829688037255,-1.5375896268680314
4.637046307884856,0.2233368269716954,-1.516853855488253
4.655819774718398,0.17804015889963615,-1.5279588760316678
4.67459324155194,0.15392881364537533,-1.4989420247651026
4.693366708385482,0.10688203449084284,-1.4972172292312576
4.712140175219024,0.06888383661812272,-1.5237033125996338
4.730913642052566,0.0747634051455128,-1.4975720565535733
4.749687108886108,0.019677554680057673,-1.4787951194417863
4.76846057571965,0.022149445923289216,-1.4768041970306398
4.787234042553192,0.009681390953141387,-1.4830497785090064
4.806007509386734,-0.06014026592008183,-1.4421413901267608
4.824780976220276,-0.09447081100850449,-1.4369433723237466
4.843554443053818,-0.13370642592204807,-1.4611183584210696
4.86232790988736,-0.13207875295564003,-1.4391634538220566
4.881101376720902,-0.12500302778953254,-1.4393452384286007
4.899874843554444,-0.18258864547967682,-1.405991939320549
4.918648310387986,-0.21039647390221158,-1.3748103021505478
4.937421777221528,-0.24571346458670434,-1.395465616614434
4.95619524405507,-0.2798951044164572,-1.3550426574641468
4.974968710888612,-0.28073995982444083,-1.3537966485503965
4.993742177722153,-0.3070507594788349,-1.3675924738061218
5.012515644555695,-0.3265196232010726,-1.3249164222201644
5.031289111389237,-0.33284322970055996,-1.3080250429699039
5.050062578222779,-0.4013175228794652,-1.3070656829364404
5.068836045056321,-0.3744588721746425,-1.308790651118041
5.0876095118898625,-0.4608797917649942,-1.2637874724120985
5.1063829787234045,-0.42906922793991975,-1.249925235410289
5.1251564455569465,-0.5040647902122882,-1.1902835868594421
5.1439299123904885,-0.5189811749450489,-1.1989136519503965
5.16270337922403,-0.4979866179980612,-1.1942350665746528
5.181476846057572,-0.5368637544859476,-1.1471753266450297
5.200250312891114,-0.5960670134306576,-1.140466387800988
5.219023779724656,-0.568836412834829,-1.1100815350665891
5.237797246558198,-0.6215359257178873,-1.1041973896996844
5.25657071339174,-0.6453457278044543,-1.1025195073105691
5.275344180225282,-0.6727189142480743,-1.0550818383850773
5.294117647058824,-0.6702029036754125,-1.0211109127930784
5.312891113892366,-0.7404908927099901,-1.0364709626020205
5.331664580725908,-0.7058413757316145,-0.9591463754870957
5.35043804755945,-0.7448151260869199,-1.0021760198453562
5.369211514392991,-0.760027867036935,-0.9417350978047796
5.387984981226533,-0.7496543815353741,-0.8901437745709959
5.406758448060075,-0.7684211338922547,-0.8859067370347693
5.425531914893617,-0.7574389361397136,-0.8685674359546368
5.444305381727159,-0.8145455341083545,-0.8133905739665145
5.463078848560701,-0.8398277393209088,-0.7990674144626233
5.481852315394243,-0.8316066247160332,-0.7811607776508499
5.500625782227785,-0.8619734048180352,-0.7344919150285862
5.519399249061327,-0.8268690025706599,-0.6825965773717296
5.538172715894869,-0.8978488950971669,-0.6506669528130182
5.556946182728411,-0.9171814336630042,-0.6233403126579808
5.575719649561953,-0.9402141569236985,-0.5829673079492917
5.594493116395495,-0.9218462803712937,-0.58856791671083
5.613266583229037,-0.9206125109795281,-0.5104026591814119
5.632040050062579,-0.9307454911351195,-0.48772908653581853
5.650813516896121,-0.9730435057192631,-0.43906829316508705
5.669586983729663,-0.9980703720325791,-0.4295176874098308
5.688360450563205,-0.9242735661341603,-0.4085757994958552
5.707133917396747,-1.0048714857344752,-0.36240603260034954
5.725907384230289,-0.9688231014550087,-0.30842285603324215
5.74468085106383,-0.9621920680268402,-0.2681736444263416
5.763454317897372,-1.0070619729657238,-0.21314581611988412
5.782227784730914,-1.0016087077766755,-0.1802318669095017
5.801001251564456,-0.966656762645853,-0.14529688285924816
5.819774718397998,-0.9709502155688923,-0.14078859441781819
5.83854818523154,-1.006465506751963,-0.0753808643081399
5.857321652065082,-1.0222551876748915,-0.015026469096312712
5.876095118898624,-0.9754910822094299,0.006087766121386123
5.894868585732166,-0.9875273612204051,0.03198460231110901
5.913642052565708,-1.0190081678386904,0.05979019472425932
5.93241551939925,-1.0015036485347144,0.11336180825966548
5.951188986232792,-0.9967712918327247,0.1509920203090349
5.9699624530663336,-1.016895471886417,0.16706839156968395
5.9887359198998755,-0.9840430544955641,0.23636760834387113
6.0075093867334175,-1.0147432802819112,0.2593928148525727
6.0262828535669595,-0.9636181194768558,0.2863750784529392
6.0450563204005014,-0.970599872918948,0.31395892284916466
6.063829787234043,-0.9666096200874992,0.34803380869273925
6.082603254067585,-0.9882685424735111,0.4146055398556709
6.1013767209011265,-0.9451034689649833,0.4101802893446985
6.1201501877346685,-0.9173353916272676,0.4464756909243697
6.13892365456821,-0.921918112888891,0.4500163934045109
6.157697121401752,-0.9367389149423159,0.5334865203596202
6.176470588235294,-0.8865693477787465,0.5781800128330724
6.195244055068836,-0.876891279991151,0.6050049567340536
6.214017521902378,-0.9072120050617553,0.5698758758409026
6.23279098873592,-0.9293829146675523,0.6259075032722541
6.251564455569462,-0.8751589419222616,0.6795536912427892
6.270337922403004,-0.8624885770980734,0.7063301842973293
6.289111389236546,-0.8760306115483241,0.7330067200023684
6.307884856070088,-0.8331980854858737,0.7482877585057437
6.32665832290363,-0.7985521547611366,0.7263198624998984
6.345431789737172,-0.7860167669915331,0.7526911688558102
6.364205256570714,-0.7716328119578006,0.7965655181215886
6.382978723404256,-0.7659496039072126,0.8011267743769795
6.401752190237798,-0.7638898916009362,0.8240065933871131
6.42052565707134,-0.7910983799123716,0.8597322105698684
6.439299123904882,-0.7291340287378596,0.861278547022537
6.458072590738424,-0.7298302769237816,0.8787487671704366
6.476846057571965,-0.7041543446628942,0.919056715352236
6.495619524405507,-0.7061932245872053,0.9264058187488563
6.514392991239049,-0.6771672863091576,0.9220759381612393
6.533166458072591,-0.6491280341143444,0.9079376613745581
6.551939924906133,-0.6675802161131841,0.9535086946905094
6.570713391739675,-0.6432565239819776,0.9402598998020557
6.589486858573217,-0.5651498406387805,0.9861963890712396
6.608260325406759,-0.5674349311186526,0.9364979843461515
6.627033792240301,-0.5576295176323898,0.978733149445438
6.645807259073843,-0.5527409411710931,1.0118359833879973
6.664580725907385,-0.5135214434571755,0.998557734716539
6.683354192740927,-0.5017192149895784,0.9715711941469876
6.702127659574469,-0.49944483459345584,0.985063897010891
6.720901126408011,-0.4378062238645053,1.010570047106517
6.739674593241553,-0.4340425306678534,1.022645077268034
6.758448060075095,-0.4159700582761016,1.0517632477807248
6.777221526908637,-0.38795795404617517,1.0278826815346207
6.795994993742179,-0.3826928011404081,1.0538935432927024
6.814768460575721,-0.4024016598454884,1.05390179721068
6.833541927409263,-0.35759277632055725,1.0387654225577845
6.852315394242804,-0.3332925094206215,1.031005680197668
6.871088861076346,-0.3135097345015007,0.9586966515070103
6.889862327909888,-0.3121795147033123,1.0146659120581465
6.90863579474343,-0.2971817420853536,0.9931872902969344
6.927409261576972,-0.24121930985140366,1.0093304965864636
6.9461827284105135,-0.23040245657734032,1.0526328643824647
6.9649561952440555,-0.2349244770098468,1.0236802185829847
6.9837296620775975,-0.171410831603691,1.0192211665505642
7.0025031289111395,-0.18251396358899918,0.9806002759525909
7.021276595744681,-0.1290802282197337,1.0154495331481839
7.040050062578223,-0.16394685323675193,1.0341977385187564
7.058823529411765,-0.12662729437693784,1.0124299284504654
7.077596996245307,-0.11239933511811938,1.0248650464284248
7.096370463078849,-0.06702498392127346,0.996858352209679
7.115143929912391,-0.06118077733203969,1.0327921561596292
7.133917396745933,-0.03973768501828657,0.9880665221303176
7.152690863579475,0.003913366207032216,0.979257747379649
7.171464330413017,-0.004107041736077642,0.9627345107279877
7.190237797246559,-0.004648485537623363,0.9701815054831971
7.2090112640801,0.04229554698378587,0.9961175505798713
7.227784730913642,0.04063978618882856,0.9841382112036287
7.246558197747184,0.06578956592369924,0.9766359143035289
7.265331664580726,0.06993847022473834,0.9612325287112607
7.284105131414268,0.1005230123077629,0.9513508287350928
7.30287859824781,0.17126238323519533,0.9471334392570663
7.321652065081352,0.16718479800788674,0.9551562108040711
7.340425531914894,0.1261266644816773,0.9338481925068195
7.359198998748436,0.19545638462831638,0.8863733039779461
7.377972465581978,0.1751195825372379,0.9775031741049667
7.39674593241552,0.21010296213507637,0.8911643761039544
7.415519399249062,0.22587485600137674,0.8736785238326842
7.434292866082604,0.2439887982277359,0.885642503645239
7.453066332916146,0.25259653339502136,0.899583956277791
7.471839799749688,0.3087287289318915,0.8818614443473147
7.49061326658323,0.2752057276213215,0.8401401978262799
7.509386733416772,0.2795933763773409,0.8475660703519408
7.528160200250314,0.31261364413197057,0.8173057320437117
7.546933667083856,0.3238165899364394,0.8216678995572166
7.565707133917398,0.35571762145468333,0.7820634499164462
7.584480600750939,0.3980290233190359,0.7964336841090233
7.603254067584481,0.35507227197351315,0.7975317443530872
7.622027534418023,0.3797006678861406,0.8041672539154456
7.640801001251565,0.4380388118994643,0.7656136376923455
7.659574468085107,0.4720476122761325,0.7234868301555986
7.678347934918649,0.44516928447449094,0.7223545053410256
7.697121401752191,0.4346240206079512,0.6878181283400501
7.715894868585733,0.4881674179879171,0.6943114866226042
7.734668335419275,0.45962539236036065,0.6738479990301569
7.753441802252817,0.5536039816081375,0.6699070992131052
7.772215269086359,0.48975324441204554,0.6494672621858317
7.790988735919901,0.5396988525816683,0.6359998087381052
7.809762202753443,0.5239031230671791,0.6208127750113486
7.8285356695869845,0.5286598918582072,0.6006810643471622
7.8473091364205265,0.5779728409724716,0.5847888998194594
7.8660826032540685,0.5594833295907087,0.5142225485010447
7.8848560700876105,0.5856647087928571,0.5797932271283167
7.903629536921152,0.5682286196395926,0.5469690920495839
7.922403003754694,0.5700318899244976,0.5260295065562643
7.941176470588236,0.608517564778542,0.4568257075591152
7.9599499374217775,0.632335461850947,0.5095844861828671
7.9787234042553195,0.6164984930066282,0.44271980623530294
7.997496871088861,0.6277744591711804,0.44283725771808014
8.016270337922403,0.6548096700464613,0.4256563239969843
8.035043804755945,0.6414200215902478,0.42763498004005085
8.053817271589487,0.6647548387242063,0.39011192497221364
8.07259073842303,0.6450227144681306,0.35343060403074883
8.091364205256571,0.6520358921552162,0.33266133937922004
8.110137672090113,0.6644888829343518,0.3524206783267367
8.128911138923655,0.6711961425429339,0.30361492153146924
8.147684605757197,0.6425375597562395,0.3091570997306706
8.16645807259074,0.6814412304453953,0.28067012889292886
8.185231539424281,0.7038206716103899,0.23423688606229967
8.204005006257823,0.7081230976949283,0.19684532933538934
8.222778473091365,0.6883666349091114,0.2360087137030045
8.241551939924907,0.6872011192833638,0.1937504287262068
8.260325406758449,0.7096540203011508,0.14829613383358356
8.279098873591991,0.7418914388681233,0.14074236781954227
8.297872340425533,0.729862696319049,0.16392750330242645
8.316645807259075,0.6864797456431178,0.09961697885450298
8.335419274092617,0.7366363319578622,0.0784634212185257
8.354192740926159,0.7430578016443457,0.07230276061454342
8.372966207759701,0.7249115556627788,0.04834859127183171
8.391739674593243,0.7047059432142002,-0.013366168456998177
8.410513141426785,0.6840479984601173,0.002840212085551035
8.429286608260327,0.7002257219914458,0.00397540156525638
8.448060075093869,0.695368722791155,-0.07892763035057752
8.46683354192741,0.6779727262344728,-0.035589184075394076
8.485607008760953,0.718286196286977,-0.07267210136859761
8.504380475594493,0.6905262324959406,-0.072632150110624
8.523153942428035,0.6830073492093413,-0.1242849719118628
8.541927409261577,0.7016190612110901,-0.12193027963467473
8.560700876095119,0.6847511155499542,-0.17050864493507906
8.57947434292866,0.698184742889972,-0.18243626491145712
8.598247809762203,0.7012031498384869,-0.18493364432652587
8.617021276595745,0.7162189677157695,-0.22442538125450592
8.635794743429287,0.6900656751855695,-0.232432808597232
8.654568210262829,0.6963712763623282,-0.25563140271097534
8.67334167709637,0.6944882347104907,-0.2649126270669794
8.692115143929913,0.6947485212305793,-0.30053972106135785
8.710888610763455,0.6771964530175755,-0.31622455431033186
8.729662077596997,0.631203335395356,-0.3353491446168519
8.748435544430539,0.6640276956462917,-0.34753110148922045
8.76720901126408,0.6344151348283684,-0.33943628443582635
8.785982478097623,0.6721881642280687,-0.35474088181543456
8.804755944931165,0.654423869335319,-0.4098580540936496
8.823529411764707,0.644121134546474,-0.3647728570358379
8.842302878598248,0.6520562622681679,-0.4101048198539278
8.86107634543179,0.6414195536458268,-0.430564488869224
8.879849812265332,0.6030359707676226,-0.4296799015801249
8.898623279098874,0.6101063162269711,-0.46439008496695644
8.917396745932416,0.5890032416827782,-0.44309652821064077
8.936170212765958,0.574168922361408,-0.47363147991222804
8.9549436795995,0.5814660584295863,-0.46894868628568287
8.973717146433042,0.5641832908207793,-0.494070938250228
8.992490613266584,0.5802118695217756,-0.5203294915820578
9.011264080100126,0.5336360601548155,-0.5495000206980013
9.030037546933668,0.5513538209918072,-0.5410319464785023
9.04881101376721,0.5154711788936576,-0.57727138415935
9.067584480600752,0.5072586409197174,-0.5700888774839702
9.086357947434294,0.49934538177103954,-0.5667080181894923
9.105131414267836,0.4955153523518156,-0.5359646460456975
9.123904881101378,0.462385429288348,-0.5781716953668493
9.14267834793492,0.46207060199339417,-0.590129805691323
9.161451814768462,0.4656658103243131,-0.5738625960884104
9.180225281602004,0.45354793103541813,-0.5939608828036961
9.198998748435546,0.453414857558547,-0.6017033872044254
9.217772215269088,0.4205399890792152,-0.6109070483956524
9.23654568210263,0.4202692348839273,-0.6477963572889284
9.25531914893617,0.4214375201326371,-0.6182233291242195
9.274092615769712,0.4086926304122657,-0.6222263558139806
9.292866082603254,0.35866606645300264,-0.6443396296986021
9.311639549436796,0.37086186181900416,-0.6597841659743754
9.330413016270338,0.38250786473317994,-0.663380825763468
9.34918648310388,0.37932333339547797,-0.6379447815169912
9.367959949937422,0.34610948201821956,-0.6702386396377463
9.386733416770964,0.3171460712774094,-0.6571991693703009
9.405506883604506,0.337877483826475,-0.6135392870400375
9.424280350438048,0.3341568054385098,-0.7023718162238115
9.44305381727159,0.2876848813392179,-0.6812836932330851
9.461827284105132,0.2729380569933389,-0.6669778866635583
9.480600750938674,0.2298735832254834,-0.6831739008105208
9.499374217772216,0.2620841514009468,-0.6640309453219462
9.518147684605758,0.2248413889087222,-0.6602385375285383
9.5369211514393,0.2037129352350725,-0.6511725825221624
9.555694618272842,0.20490338216993806,-0.6430899989151116
9.574468085106384,0.16075237451564284,-0.6572994460618345
9.593241551939926,0.17864825563534822,-0.6905390724465037
9.612015018773468,0.15529414417323434,-0.6623836202384128
9.63078848560701,0.1734500856662296,-0.671462762373248
9.649561952440552,0.145628512498169,-0.6715645756514002
9.668335419274094,0.12674075113429464,-0.6241258083169469
9.687108886107636,0.13822233150405558,-0.6295463087276558
9.705882352941178,0.10420190403826327,-0.6504873550611285
9.72465581977472,0.09709668854201955,-0.6362566899046287
9.743429286608261,0.09224122668919152,-0.6232692313313952
9.762202753441803,0.07838090478430472,-0.6596900880968597
9.780976220275345,0.04344093383381484,-0.6614981668257394
9.799749687108887,0.0648916337963828,-0.6571384496128387
9.81852315394243,0.03937224711434777,-0.6296228896648571
9.837296620775971,0.04992219113819214,-0.6627174537313038
9.856070087609513,0.007977073382646352,-0.6628238370471201
9.874843554443055,0.004110771098539345,-0.6366641454694553
9.893617021276597,-0.007505829658951099,-0.656482457028358
9.91239048811014,-0.031876852244789936,-0.661087076204607
9.931163954943681,-0.023251277603541516,-0.6342518079214593
9.949937421777223,-0.05987049537263796,-0.6147093998400943
9.968710888610765,-0.04583882679574702,-0.6262546831628655
9.987484355444305,-0.07001997676744116,-0.6059306247510872
10.006257822277847,-0.08805135155993521,-0.6247663237498651
10.02503128911139,-0.107246111592479,-0.5873960347582957
10.043804755944931,-0.10136497007762596,-0.6185972365050432
10.062578222778473,-0.12606233979679782,-0.5784288092860848
10.081351689612015,-0.12756225145313183,-0.6011457809122465
10.100125156445557,-0.16140829016037495,-0.5768237159551958
10.1188986232791,-0.11774954924739188,-0.5775365055335101
10.137672090112641,-0.17695211209276807,-0.5850564536208155
10.156445556946183,-0.15234711206219348,-0.5999599732231742
10.175219023779725,-0.19174172061212447,-0.5573963019589357
10.193992490613267,-0.20470978383372762,-0.5097409865505559
10.212765957446809,-0.19897128799633998,-0.5394991099084645
10.231539424280351,-0.1932027663141438,-0.5360686460351732
10.250312891113893,-0.2555792461174377,-0.5232589052359596
10.269086357947435,-0.242172159145974,-0.5315344967586335
10.287859824780977,-0.2185640914956823,-0.5295056196037272
10.306633291614519,-0.25140707591827927,-0.5050097223405935
10.32540675844806,-0.2555840396613789,-0.45741831451537124
10.344180225281603,-0.28748074351639225,-0.4899415114859243
10.362953692115145,-0.2585212654364307,-0.4796568873264026
10.381727158948687,-0.3022143442634043,-0.4811822593018981
10.400500625782229,-0.2752093762541425,-0.4878189400683941
10.41927409261577,-0.2730178732608477,-0.4200126432752933
10.438047559449313,-0.3120550569640947,-0.4382658296921023
10.456821026282855,-0.31321008227715413,-0.44262039803171815
10.475594493116397,-0.323396545638158,-0.4670615751355288
10.494367959949939,-0.36997864620962034,-0.43561454175017855
10.51314142678348,-0.35966792671498327,-0.3991808406908216
10.531914893617023,-0.3499687146358703,-0.3839974850390708
10.550688360450565,-0.3611248916054608,-0.3891142453423697
10.569461827284107,-0.359604022528297,-0.39498354491873044
10.588235294117649,-0.39234884390312924,-0.38114799983545977
10.60700876095119,-0.40894022674139513,-0.3693701350025335
10.625782227784732,-0.39361762915782395,-0.3691004788096639
10.644555694618274,-0.4120253991360933,-0.3503777501353621
10.663329161451816,-0.3807987046895083,-0.3031294862025133
10.682102628285358,-0.4233503584063056,-0.2974627086882516
10.7008760951189,-0.41505220519500774,-0.3265350259857751
10.719649561952442,-0.42427272290624696,-0.3099164749328344
10.738423028785983,-0.4394929947411994,-0.31199721147229553
10.757196495619525,-0.42809387524103487,-0.3044170401404338
10.775969962453066,-0.44839946420293275,-0.25401103035264405
10.794743429286608,-0.4078753194375346,-0.25546699003428486
10.81351689612015,-0.4440213095311909,-0.22805983398461213
10.832290362953692,-0.4536118889404366,-0.20608052188394574
10.851063829787234,-0.49763076188213545,-0.2133350863811053
10.869837296620776,-0.4751179095784566,-0.20553071694802597
10.888610763454318,-0.43840254748219193,-0.19629925677532833
10.90738423028786,-0.4746887462428114,-0.18383450079245878
10.926157697121402,-0.47843704733114334,-0.17236271445051787
10.944931163954944,-0.4805558891092671,-0.17680401316624722
10.963704630788486,-0.502263546835435,-0.1400970085994132
10.982478097622028,-0.4851641354350295,-0.1639349274583456
11.00125156445557,-0.5047143821809301,-0.12674895860123334
11.020025031289112,-0.500632910460676,-0.11304065316959849
11.038798498122654,-0.4656114063405165,-0.045069099882227855
11.057571964956196,-0.48127348517470386,-0.06327619923684405
11.076345431789738,-0.518428973626405,-0.09313835725388062
11.09511889862328,-0.4870540343229362,-0.06101600509790215
11.113892365456822,-0.5206852426822914,-0.038216034690787645
11.132665832290364,-0.48200653178849684,-0.03920718836496626
11.151439299123906,-0.48419892310534185,-0.0437926601628328
11.170212765957448,-0.4749256591889969,-0.019047286637554294
11.18898623279099,-0.5002008743065006,-0.0011415037715591693
11.207759699624532,-0.513439749836399,-0.0075789108326828215
11.226533166458074,-0.5015224461335789,0.01577130437893417
11.245306633291616,-0.4997126779404098,0.026690629544484822
11.264080100125158,-0.5175313976754168,0.01144927748159278
11.2828535669587,-0.4831388284774684,0.044683052480889156
11.301627033792242,-0.5045193518412419,0.06148950150075744
11.320400500625784,-0.48301675087245793,0.0863076313228542
11.339173967459326,-0.479410888253608,0.06485699034368386
11.357947434292868,-0.4842998968451548,0.10927562906652832
11.37672090112641,-0.4725692209612686,0.08871081723863063
11.395494367959952,-0.4591893500793912,0.09757933152400314
11.414267834793494,-0.48274954653246915,0.08746833682571357
11.433041301627036,-0.47525322076239007,0.1372270474218745
11.451814768460578,-0.4781743283709133,0.14119777285110288
11.470588235294118,-0.4848800642290667,0.1608896710319713
11.48936170212766,-0.47828501495802733,0.17185294086164524
11.508135168961202,-0.4572941944063035,0.1725918590577167
11.526908635794744,-0.455470925285694,0.18632986613896813
11.545682102628286,-0.4605873631998248,0.1624846130438922
11.564455569461828,-0.4232969302469563,0.24238991037679058
11.58322903629537,-0.4441475009666511,0.19571455046441827
11.602002503128912,-0.44031644023051736,0.19374141648322862
11.620775969962454,-0.42999554286696523,0.2580388201923235
11.639549436795996,-0.42656405732965824,0.24651238252424962
11.658322903629537,-0.46741637931831204,0.23861657752204593
11.67709637046308,-0.4502778944541316,0.2844047607915935
11.695869837296621,-0.42304103457561526,0.25547808084057555
11.714643304130163,-0.40600200078807985,0.2890501199815939
11.733416770963705,-0.39889738673958147,0.26335140765682485
11.752190237797247,-0.3985019227061259,0.2947663955762878
11.77096370463079,-0.405394748350824,0.3052704743878625
11.789737171464331,-0.40778283794377707,0.30976447509922544
11.808510638297873,-0.36689941593634473,0.3144361472335523
11.827284105131415,-0.39872265952656916,0.32197527135765286
11.846057571964957,-0.35992119774599995,0.33314830141691587
11.8648310387985,-0.3872557881174978,0.3254131069239465
11.883604505632041,-0.3620804095263618,0.3901230111018966
11.902377972465583,-0.3438371646180883,0.3341570896231562
11.921151439299125,-0.328273303395446,0.3401579451810016
11.939924906132667,-0.3438398997728613,0.38057571957975966
11.958698372966209,-0.31269495357034927,0.36133905593916066
11.977471839799751,-0.3444843116388207,0.3037778812383366
11.996245306633293,-0.3213580952422358,0.34712606291741455
12.015018773466835,-0.29652642630567244,0.39143954520577723
12.033792240300377,-0.33415878745025596,0.3492231413256039
12.052565707133919,-0.31139076584629033,0.3800697664481498
12.071339173967461,-0.2785977737222667,0.3568354423225336
12.090112640801003,-0.3300753867708305,0.3788880037809314
12.108886107634545,-0.2931795196709458,0.38551036151753826
12.127659574468087,-0.24933461488869568,0.38108995544944874
12.146433041301629,-0.24990149050355842,0.39002928491655786
12.16520650813517,-0.25283628399951813,0.4139083185566238
12.183979974968713,-0.2566930934944233,0.3693350378846996
12.202753441802253,-0.26669950618671456,0.3991170348563524
12.221526908635795,-0.2693465678582495,0.378812276982712
12.240300375469337,-0.24290962974196037,0.38760428903748634
12.259073842302879,-0.21098914893501614,0.42286123334716474
12.27784730913642,-0.2666433254554351,0.4224878612401066
12.296620775969963,-0.22415645680533633,0.4090621524631784
12.315394242803505,-0.17509851613901004,0.4175544046569548
12.334167709637047,-0.1992803669497857,0.400023053345666
12.352941176470589,-0.18326646724235032,0.4291622593034364
12.37171464330413,-0.16170149411698542,0.41021160995665484
12.390488110137673,-0.13169007200962374,0.419023019987948
12.409261576971215,-0.12637766945617948,0.4239636749105088
12.428035043804757,-0.12039255050086842,0.4547086307325789
12.446808510638299,-0.16055884973605059,0.42069940218053387
12.46558197747184,-0.14033936189738355,0.4384188481786472
12.484355444305383,-0.14594572948318313,0.40204677851456244
12.503128911138925,-0.06201115135386648,0.4392539455589943
12.521902377972467,-0.08962115964357976,0.42894626453562534
12.540675844806008,-0.09749525501856546,0.4397900773657659
12.55944931163955,-0.09032383294291685,0.42033576331236583
12.578222778473092,-0.09403137867252731,0.45165925550489355
12.596996245306634,-0.09395010981573056,0.43637568515135106
12.615769712140176,-0.07073265838892386,0.41782318868485874
12.634543178973718,-0.04817368506326793,0.41268162193410485
12.65331664580726,-0.09873070989007574,0.43685317678470453
12.672090112640802,-0.04610206994544731,0.4256517542027444
12.690863579474344,-0.01994168008799786,0.41468449163795723
12.709637046307886,-0.008860149929426481,0.4097364576363058
12.728410513141428,0.01666711956390123,0.3889025823718139
12.74718397997497,-0.02011206041947887,0.40448982911202125
12.765957446808512,-0.03748725876781775,0.3880122841854572
12.784730913642054,-0.005480910726541611,0.37052937254723006
12.803504380475596,0.0008857380799067048,0.41681326214631564
12.822277847309138,-0.013713537197675381,0.3834946958416419
12.84105131414268,-0.01323777904961394,0.3870207333996889
12.859824780976222,0.019136705129158438,0.377295692130223
12.878598247809764,0.015613784555374356,0.3938429671450976
12.897371714643306,0.04463051443502268,0.36412073096196973
12.916145181476848,0.0343457978396224,0.37080734886920086
12.93491864831039,0.020015977733490453,0.3805667389292222
12.95369211514393,0.06737882881728,0.3832065156501872
12.972465581977472,0.04901054799974862,0.3967531543192524
12.991239048811014,0.08976190320033287,0.35797494272944635
13.010012515644556,0.07388218460507189,0.3855090243999832
13.028785982478098,0.07770236763793446,0.38704881134806807
13.04755944931164,0.12440227202285686,0.359667710756197
13.066332916145182,0.10246860011589634,0.35795896725270654
13.085106382978724,0.1340941169038047,0.37030604081032054
13.103879849812266,0.09493821685945286,0.32252349914715917
13.122653316645808,0.10909882606319293,0.3383549427396237
13.14142678347935,0.1080495760249181,0.35787130505420395
13.160200250312892,0.13598215268544045,0.35408647116547726
13.178973717146434,0.1603984398656047,0.31403137563335043
13.197747183979976,0.18693297860165312,0.35891271172189454
13.216520650813518,0.1491644483111122,0.3055400166963335
13.23529411764706,0.1430315941827532,0.32778363477053557
13.254067584480602,0.15443963963015597,0.31843077676546755
13.272841051314144,0.20605259829374972,0.30590646542068545
13.291614518147686,0.16968592271997285,0.31077653070391087
13.310387984981228,0.18826584600796895,0.2769338219754548
13.32916145181477,0.15262484973026372,0.2877523562008066
13.347934918648312,0.18462691569304876,0.2762347465237658
13.366708385481854,0.19893001973926855,0.289830365557034
13.385481852315396,0.18679006243826662,0.28975436861929205
13.404255319148938,0.19204901631371124,0.26633686576051696
13.42302878598248,0.2180119578193496,0.27874489355463516
13.441802252816021,0.24357274241590798,0.2670765962790072
13.460575719649563,0.22284760279395266,0.26088893162321847
13.479349186483105,0.23649789248363973,0.23408034628820193
13.498122653316647,0.23348255590889996,0.23476280112352546
13.51689612015019,0.24348261686606143,0.20189874507054886
13.535669586983731,0.21418816725418574,0.185241686397192
13.554443053817273,0.26225045757820564,0.2144204191982137
13.573216520650815,0.2503328603839272,0.1778808590369671
13.591989987484357,0.2654600694827596,0.21475289816029622
13.6107634543179,0.2850212635640521,0.23375188036193173
13.629536921151441,0.2704625854249327,0.19999677082349643
13.648310387984983,0.2727547614974275,0.1892612902577385
13.667083854818525,0.2641059428845362,0.18456393853519995
13.685857321652065,0.2773738792384645,0.16290692387007238
13.704630788485607,0.27004115511562743,0.20830725427454796
13.72340425531915,0.26942857520556635,0.15674807228085805
13.742177722152691,0.29156286484146093,0.14001973507464816
13.760951188986233,0.2778650075038094,0.12257262389250274
13.779724655819775,0.28673886493436584,0.12598545230781932
13.798498122653317,0.2499000890852446,0.14555246428068835
13.81727158948686,0.3080125725459392,0.12662615644248068
13.836045056320401,0.3327063613671827,0.09035270704266483
13.854818523153943,0.26718766431173374,0.11913370979655188
13.873591989987485,0.31901637867547494,0.10794453358221068
13.892365456821027,0.2936046131707884,0.08234936150303694
13.911138923654569,0.34086870917356477,0.08559700650312549
13.929912390488111,0.3188044556423082,0.09492557237338735
13.948685857321653,0.2790900802949278,0.10037925586244525
13.967459324155195,0.2962633264619991,0.0848961785705887
13.986232790988737,0.32136218246027254,0.06608062210332208
14.005006257822279,0.3464541088218676,0.09109055466395437
14.023779724655821,0.31194467526176833,0.0733569421288222
14.042553191489363,0.3399032807036912,0.08597619639009887
14.061326658322905,0.30941896989136375,0.08451900316156749
14.080100125156447,0.2982968920809384,0.012286131328414277
14.098873591989989,0.33034031163176486,0.010212588671516806
14.11764705882353,0.35182595663046934,-0.015156366192500836
14.136420525657073,0.31768140487767166,0.02889176755475066
14.155193992490615,0.2841135086759242,0.0305609167281181
14.173967459324157,0.2886446589643637,0.00936025842000087
14.192740926157699,0.3223792204992733,0.0006809337895991355
14.21151439299124,0.3348312470395197,0.0059958112218371044
14.230287859824783,0.30105108450041573,-0.03589953351157088
14.249061326658325,0.3191363149004977,-0.05720095807404944
14.267834793491867,0.3434555047205239,-0.03372280361595868
14.286608260325409,0.3634479813214968,-0.024925810703201053
14.30538172715895,0.30307825743700495,-0.06322331657887305
14.324155193992492,0.3404908497095143,-0.11427261322379462
14.342928660826034,0.3047036978194216,-0.012608601731209153
14.361702127659576,0.31120487984153555,-0.04762971002329594
14.380475594493118,0.31121061602488764,-0.056144803024730704
14.39924906132666,0.293472294204797,-0.071726558805736
14.4180225281602,0.33385890027548454,-0.07939548159821597
14.436795994993743,0.3099144533355863,-0.06055826173419791
14.455569461827285,0.3269463136243487,-0.08686419403074859
14.474342928660827,0.28780366212575537,-0.11855016610505312
14.493116395494368,0.30649269593465045,-0.10175649736070151
14.51188986232791,0.3352910362641782,-0.0440183614305987
14.530663329161452,0.3315380542771901,-0.12319668625082378
14.549436795994994,0.29042804270586603,-0.1510077110569925
14.568210262828536,0.29944608034046766,-0.11868757980082785
14.586983729662078,0.31052294747366205,-0.14827878265298863
14.60575719649562,0.29516680963746217,-0.13462833631154156
14.624530663329162,0.30624091145511745,-0.16865772135822024
14.643304130162704,0.31004369526069553,-0.14419927953528908
14.662077596996246,0.27974024740548004,-0.17456186014106206
14.680851063829788,0.2735532318909637,-0.1490139994750051
14.69962453066333,0.2692945701544668,-0.15620769248351662
14.718397997496872,0.24803373993436678,-0.1649858401296719
14.737171464330414,0.24937547606918609,-0.20697281360268321
14.755944931163956,0.23691578800315272,-0.17953341524028835
14.774718397997498,0.2691016381617876,-0.1763591582633749
14.79349186483104,0.28609676615927493,-0.17519903804926729
14.812265331664582,0.2565911819212184,-0.19627299642815837
14.831038798498124,0.26268215316329174,-0.1915733205906429
14.849812265331666,0.2103591396260051,-0.19517878088154536
14.868585732165208,0.24415076757370532,-0.20031688573620202
14.88735919899875,0.29665161711909255,-0.18871674722953544
14.906132665832292,0.2545384112803027,-0.19201072626901655
14.924906132665834,0.22449329026135698,-0.2032815479175087
14.943679599499376,0.23516702097686337,-0.20581635651972496
14.962453066332918,0.21113938256241652,-0.20823443975863495
14.98122653316646,0.21521240589724827,-0.2425255055561121
15.0,0.19675932574312585,-0.22979391587781112
