Temperature (K),Pressure (MPa),Density (mol/l),Volume (l/mol),Internal Energy (kJ/mol),Enthalpy (kJ/mol),Entropy (J/mol*K),Cv (J/mol*K),Cp (J/mol*K),Sound Spd. (m/s),Joule-Thomson (K/MPa),Viscosity (uPa*s),Therm. Cond. (W/m*K),Phase
860,2,0.2825,3.5398,58.878,65.958,138.18,31.524,40.368,705.83,3.6572,32.152,0.078859,vapor
860,2.1133,0.29868,3.348,58.866,65.941,137.71,31.545,40.42,705.65,3.6561,32.157,0.078944,vapor
860,2.2267,0.31488,3.1758,58.853,65.924,137.26,31.566,40.472,705.46,3.655,32.161,0.079028,vapor
860,2.34,0.3311,3.0203,58.84,65.908,136.83,31.587,40.524,705.28,3.6539,32.166,0.079113,vapor
860,2.4533,0.34733,2.8791,58.828,65.891,136.42,31.608,40.577,705.09,3.6527,32.171,0.079198,vapor
860,2.5667,0.36359,2.7504,58.815,65.874,136.03,31.628,40.629,704.91,3.6516,32.175,0.079283,vapor
860,2.68,0.37986,2.6325,58.802,65.857,135.66,31.649,40.682,704.72,3.6504,32.18,0.079368,vapor
860,2.7933,0.39615,2.5243,58.789,65.84,135.3,31.67,40.735,704.53,3.6492,32.185,0.079454,vapor
860,2.9067,0.41246,2.4245,58.776,65.824,134.95,31.691,40.788,704.35,3.6481,32.19,0.07954,vapor
860,3.02,0.42879,2.3321,58.764,65.807,134.62,31.712,40.841,704.16,3.6469,32.195,0.079626,vapor
860,3.1333,0.44514,2.2465,58.751,65.79,134.3,31.733,40.894,703.98,3.6457,32.2,0.079713,vapor
860,3.2467,0.46151,2.1668,58.738,65.773,133.99,31.754,40.947,703.79,3.6445,32.205,0.079799,vapor
860,3.36,0.4779,2.0925,58.725,65.756,133.69,31.776,41.001,703.6,3.6432,32.21,0.079886,vapor
860,3.4733,0.4943,2.023,58.712,65.739,133.4,31.797,41.055,703.42,3.642,32.215,0.079974,vapor
860,3.5867,0.51073,1.958,58.699,65.722,133.12,31.818,41.109,703.23,3.6408,32.22,0.080061,vapor
860,3.7,0.52718,1.8969,58.687,65.705,132.84,31.839,41.163,703.04,3.6395,32.225,0.080149,vapor
860,3.8133,0.54364,1.8395,58.674,65.688,132.58,31.86,41.217,702.86,3.6382,32.231,0.080237,vapor
860,3.9267,0.56012,1.7853,58.661,65.671,132.32,31.881,41.271,702.67,3.637,32.236,0.080325,vapor
860,4.04,0.57663,1.7342,58.648,65.654,132.07,31.903,41.326,702.48,3.6357,32.241,0.080414,vapor
860,4.1533,0.59315,1.6859,58.635,65.637,131.82,31.924,41.38,702.29,3.6344,32.247,0.080503,vapor
860,4.2667,0.60969,1.6402,58.622,65.62,131.58,31.945,41.435,702.11,3.6331,32.252,0.080592,vapor
860,4.38,0.62626,1.5968,58.609,65.603,131.35,31.967,41.49,701.92,3.6318,32.257,0.080682,vapor
860,4.4933,0.64284,1.5556,58.596,65.586,131.12,31.988,41.545,701.73,3.6305,32.263,0.080771,vapor
860,4.6067,0.65944,1.5164,58.583,65.569,130.9,32.009,41.601,701.55,3.6292,32.268,0.080861,vapor
860,4.72,0.67606,1.4792,58.57,65.552,130.68,32.031,41.656,701.36,3.6278,32.274,0.080952,vapor
860,4.8333,0.69271,1.4436,58.557,65.535,130.47,32.052,41.712,701.17,3.6265,32.28,0.081042,vapor
860,4.9467,0.70937,1.4097,58.544,65.517,130.26,32.074,41.767,700.98,3.6251,32.285,0.081133,vapor
860,5.06,0.72605,1.3773,58.531,65.5,130.06,32.095,41.823,700.8,3.6237,32.291,0.081224,vapor
860,5.1733,0.74275,1.3463,58.518,65.483,129.86,32.117,41.879,700.61,3.6224,32.297,0.081316,vapor
860,5.2867,0.75947,1.3167,58.505,65.466,129.66,32.138,41.936,700.42,3.621,32.302,0.081407,vapor
860,5.4,0.77622,1.2883,58.492,65.449,129.47,32.16,41.992,700.23,3.6196,32.308,0.081499,vapor
860,5.5133,0.79298,1.2611,58.479,65.431,129.28,32.182,42.049,700.04,3.6182,32.314,0.081591,vapor
860,5.6267,0.80976,1.2349,58.466,65.414,129.1,32.203,42.105,699.86,3.6167,32.32,0.081684,vapor
860,5.74,0.82657,1.2098,58.452,65.397,128.92,32.225,42.162,699.67,3.6153,32.326,0.081777,vapor
860,5.8533,0.84339,1.1857,58.439,65.38,128.74,32.247,42.219,699.48,3.6139,32.332,0.08187,vapor
860,5.9667,0.86023,1.1625,58.426,65.362,128.57,32.269,42.277,699.29,3.6124,32.338,0.081963,vapor
860,6.08,0.8771,1.1401,58.413,65.345,128.39,32.29,42.334,699.1,3.611,32.344,0.082057,vapor
860,6.1933,0.89398,1.1186,58.4,65.328,128.22,32.312,42.392,698.92,3.6095,32.35,0.082151,vapor
860,6.3067,0.91089,1.0978,58.387,65.31,128.06,32.334,42.449,698.73,3.608,32.356,0.082245,vapor
860,6.42,0.92782,1.0778,58.373,65.293,127.89,32.356,42.507,698.54,3.6065,32.363,0.08234,vapor
860,6.5333,0.94477,1.0585,58.36,65.276,127.73,32.378,42.565,698.35,3.605,32.369,0.082435,vapor
860,6.6467,0.96173,1.0398,58.347,65.258,127.58,32.4,42.623,698.16,3.6035,32.375,0.08253,vapor
860,6.76,0.97872,1.0217,58.334,65.241,127.42,32.421,42.682,697.98,3.602,32.382,0.082625,vapor
860,6.8733,0.99573,1.0043,58.321,65.223,127.27,32.443,42.74,697.79,3.6005,32.388,0.082721,vapor
860,6.9867,1.0128,0.9874,58.307,65.206,127.11,32.465,42.799,697.6,3.599,32.394,0.082817,vapor
860,7.1,1.0298,0.97105,58.294,65.188,126.96,32.487,42.858,697.41,3.5974,32.401,0.082913,vapor
860,7.2133,1.0469,0.95521,58.281,65.171,126.82,32.509,42.917,697.22,3.5959,32.407,0.08301,vapor
860,7.3267,1.064,0.93986,58.267,65.153,126.67,32.532,42.976,697.03,3.5943,32.414,0.083107,vapor
860,7.44,1.0811,0.92498,58.254,65.136,126.53,32.554,43.036,696.85,3.5927,32.421,0.083204,vapor
860,7.5533,1.0982,0.91055,58.241,65.118,126.39,32.576,43.095,696.66,3.5911,32.427,0.083301,vapor
860,7.6667,1.1154,0.89654,58.227,65.101,126.25,32.598,43.155,696.47,3.5895,32.434,0.083399,vapor
860,7.78,1.1326,0.88294,58.214,65.083,126.11,32.62,43.215,696.28,3.5879,32.441,0.083497,vapor
860,7.8933,1.1498,0.86973,58.201,65.066,125.97,32.642,43.275,696.09,3.5863,32.448,0.083596,vapor
860,8.0067,1.167,0.8569,58.187,65.048,125.84,32.664,43.335,695.9,3.5847,32.454,0.083695,vapor
860,8.12,1.1842,0.84442,58.174,65.03,125.71,32.687,43.395,695.71,3.5831,32.461,0.083794,vapor
860,8.2333,1.2015,0.83228,58.16,65.013,125.58,32.709,43.456,695.53,3.5814,32.468,0.083893,vapor
860,8.3467,1.2188,0.82048,58.147,64.995,125.45,32.731,43.517,695.34,3.5798,32.475,0.083993,vapor
860,8.46,1.2361,0.80899,58.133,64.978,125.32,32.754,43.577,695.15,3.5781,32.482,0.084093,vapor
860,8.5733,1.2534,0.7978,58.12,64.96,125.19,32.776,43.639,694.96,3.5764,32.489,0.084193,vapor
860,8.6867,1.2708,0.78691,58.107,64.942,125.07,32.798,43.7,694.77,3.5748,32.496,0.084293,vapor
860,8.8,1.2882,0.77629,58.093,64.924,124.94,32.821,43.761,694.58,3.5731,32.504,0.084394,vapor
860,8.9133,1.3056,0.76595,58.08,64.907,124.82,32.843,43.823,694.4,3.5714,32.511,0.084496,vapor
860,9.0267,1.323,0.75586,58.066,64.889,124.7,32.865,43.884,694.21,3.5697,32.518,0.084597,vapor
860,9.14,1.3404,0.74603,58.052,64.871,124.58,32.888,43.946,694.02,3.5679,32.525,0.084699,vapor
860,9.2533,1.3579,0.73643,58.039,64.853,124.46,32.91,44.008,693.83,3.5662,32.533,0.084801,vapor
860,9.3667,1.3754,0.72707,58.025,64.836,124.35,32.933,44.071,693.64,3.5645,32.54,0.084904,vapor
860,9.48,1.3929,0.71793,58.012,64.818,124.23,32.955,44.133,693.45,3.5627,32.548,0.085006,vapor
860,9.5933,1.4104,0.70901,57.998,64.8,124.12,32.978,44.196,693.27,3.561,32.555,0.08511,vapor
860,9.7067,1.428,0.70029,57.985,64.782,124,33.001,44.259,693.08,3.5592,32.563,0.085213,vapor
860,9.82,1.4455,0.69178,57.971,64.764,123.89,33.023,44.321,692.89,3.5574,32.57,0.085317,vapor
860,9.9333,1.4631,0.68346,57.957,64.746,123.78,33.046,44.385,692.7,3.5556,32.578,0.085421,vapor
860,10.047,1.4808,0.67533,57.944,64.728,123.67,33.068,44.448,692.51,3.5538,32.585,0.085525,vapor
860,10.16,1.4984,0.66737,57.93,64.711,123.56,33.091,44.511,692.32,3.552,32.593,0.08563,vapor
860,10.273,1.5161,0.6596,57.916,64.693,123.45,33.114,44.575,692.14,3.5502,32.601,0.085735,vapor
860,10.387,1.5338,0.65199,57.903,64.675,123.34,33.137,44.639,691.95,3.5484,32.609,0.085841,vapor
860,10.5,1.5515,0.64455,57.889,64.657,123.24,33.159,44.703,691.76,3.5465,32.617,0.085946,vapor
860,10.613,1.5692,0.63726,57.875,64.639,123.13,33.182,44.767,691.57,3.5447,32.625,0.086053,vapor
860,10.727,1.587,0.63013,57.862,64.621,123.03,33.205,44.831,691.38,3.5428,32.632,0.086159,vapor
860,10.84,1.6047,0.62315,57.848,64.603,122.92,33.228,44.896,691.2,3.541,32.64,0.086266,vapor
860,10.953,1.6226,0.61631,57.834,64.585,122.82,33.251,44.961,691.01,3.5391,32.649,0.086373,vapor
860,11.067,1.6404,0.60962,57.82,64.567,122.72,33.273,45.025,690.82,3.5372,32.657,0.08648,vapor
860,11.18,1.6582,0.60305,57.807,64.549,122.62,33.296,45.091,690.63,3.5353,32.665,0.086588,vapor
860,11.293,1.6761,0.59662,57.793,64.531,122.52,33.319,45.156,690.44,3.5334,32.673,0.086696,vapor
860,11.407,1.694,0.59032,57.779,64.512,122.42,33.342,45.221,690.26,3.5315,32.681,0.086805,vapor
860,11.52,1.7119,0.58414,57.765,64.494,122.32,33.365,45.287,690.07,3.5296,32.69,0.086913,vapor
860,11.633,1.7299,0.57808,57.751,64.476,122.22,33.388,45.353,689.88,3.5276,32.698,0.087022,vapor
860,11.747,1.7478,0.57214,57.737,64.458,122.13,33.411,45.418,689.69,3.5257,32.706,0.087132,vapor
860,11.86,1.7658,0.56631,57.724,64.44,122.03,33.434,45.485,689.51,3.5237,32.715,0.087242,vapor
860,11.973,1.7838,0.56059,57.71,64.422,121.93,33.457,45.551,689.32,3.5218,32.723,0.087352,vapor
860,12.087,1.8019,0.55498,57.696,64.404,121.84,33.48,45.617,689.13,3.5198,32.732,0.087462,vapor
860,12.2,1.8199,0.54947,57.682,64.385,121.75,33.503,45.684,688.94,3.5178,32.74,0.087573,vapor
860,12.313,1.838,0.54407,57.668,64.367,121.65,33.526,45.751,688.76,3.5158,32.749,0.087684,vapor
860,12.427,1.8561,0.53876,57.654,64.349,121.56,33.549,45.818,688.57,3.5138,32.758,0.087796,vapor
860,12.54,1.8743,0.53355,57.64,64.331,121.47,33.573,45.885,688.38,3.5118,32.766,0.087908,vapor
860,12.653,1.8924,0.52843,57.626,64.312,121.38,33.596,45.952,688.2,3.5098,32.775,0.08802,vapor
860,12.767,1.9106,0.5234,57.612,64.294,121.29,33.619,46.02,688.01,3.5078,32.784,0.088133,vapor
860,12.88,1.9288,0.51846,57.598,64.276,121.2,33.642,46.088,687.82,3.5058,32.793,0.088246,vapor
860,12.993,1.947,0.5136,57.584,64.257,121.11,33.665,46.156,687.64,3.5037,32.802,0.088359,vapor
860,13.107,1.9653,0.50883,57.57,64.239,121.02,33.688,46.224,687.45,3.5017,32.811,0.088473,vapor
860,13.22,1.9836,0.50415,57.556,64.221,120.93,33.712,46.292,687.26,3.4996,32.82,0.088587,vapor
860,13.333,2.0019,0.49954,57.542,64.202,120.84,33.735,46.361,687.08,3.4975,32.829,0.088701,vapor
860,13.447,2.0202,0.495,57.528,64.184,120.76,33.758,46.429,686.89,3.4954,32.838,0.088816,vapor
860,13.56,2.0385,0.49055,57.514,64.166,120.67,33.782,46.498,686.7,3.4933,32.847,0.088931,vapor
860,13.673,2.0569,0.48617,57.5,64.147,120.58,33.805,46.567,686.52,3.4912,32.856,0.089047,vapor
860,13.787,2.0753,0.48186,57.486,64.129,120.5,33.828,46.636,686.33,3.4891,32.866,0.089163,vapor
860,13.9,2.0937,0.47762,57.471,64.11,120.41,33.852,46.706,686.15,3.487,32.875,0.089279,vapor
860,14.013,2.1122,0.47344,57.457,64.092,120.33,33.875,46.775,685.96,3.4849,32.884,0.089395,vapor
860,14.127,2.1307,0.46934,57.443,64.073,120.25,33.899,46.845,685.77,3.4827,32.894,0.089512,vapor
860,14.24,2.1492,0.4653,57.429,64.055,120.16,33.922,46.915,685.59,3.4806,32.903,0.08963,vapor
860,14.353,2.1677,0.46132,57.415,64.036,120.08,33.945,46.985,685.4,3.4784,32.913,0.089747,vapor
860,14.467,2.1862,0.45741,57.401,64.018,120,33.969,47.055,685.22,3.4763,32.922,0.089866,vapor
860,14.58,2.2048,0.45356,57.386,63.999,119.92,33.992,47.126,685.03,3.4741,32.932,0.089984,vapor
860,14.693,2.2234,0.44976,57.372,63.981,119.84,34.016,47.197,684.85,3.4719,32.942,0.090103,vapor
860,14.807,2.242,0.44603,57.358,63.962,119.75,34.039,47.268,684.66,3.4697,32.952,0.090222,vapor
860,14.92,2.2607,0.44235,57.344,63.944,119.67,34.063,47.339,684.48,3.4675,32.961,0.090342,vapor
860,15.033,2.2793,0.43872,57.329,63.925,119.59,34.087,47.41,684.29,3.4653,32.971,0.090462,vapor
860,15.147,2.298,0.43515,57.315,63.906,119.52,34.11,47.481,684.11,3.463,32.981,0.090582,vapor
860,15.26,2.3168,0.43164,57.301,63.888,119.44,34.134,47.553,683.93,3.4608,32.991,0.090703,vapor
860,15.373,2.3355,0.42817,57.287,63.869,119.36,34.157,47.625,683.74,3.4586,33.001,0.090824,vapor
860,15.487,2.3543,0.42476,57.272,63.85,119.28,34.181,47.697,683.56,3.4563,33.011,0.090945,vapor
860,15.6,2.3731,0.42139,57.258,63.832,119.2,34.205,47.769,683.37,3.4541,33.021,0.091067,vapor
860,15.713,2.3919,0.41808,57.244,63.813,119.13,34.228,47.841,683.19,3.4518,33.031,0.09119,vapor
860,15.827,2.4108,0.41481,57.229,63.794,119.05,34.252,47.914,683.01,3.4495,33.042,0.091312,vapor
860,15.94,2.4296,0.41158,57.215,63.775,118.97,34.276,47.987,682.82,3.4472,33.052,0.091435,vapor
860,16.053,2.4485,0.40841,57.2,63.757,118.9,34.299,48.059,682.64,3.4449,33.062,0.091559,vapor
860,16.167,2.4675,0.40527,57.186,63.738,118.82,34.323,48.133,682.46,3.4426,33.072,0.091683,vapor
860,16.28,2.4864,0.40218,57.172,63.719,118.75,34.347,48.206,682.27,3.4403,33.083,0.091807,vapor
860,16.393,2.5054,0.39914,57.157,63.7,118.67,34.371,48.279,682.09,3.438,33.093,0.091932,vapor
860,16.507,2.5244,0.39613,57.143,63.682,118.6,34.394,48.353,681.91,3.4356,33.104,0.092057,vapor
860,16.62,2.5434,0.39317,57.128,63.663,118.52,34.418,48.427,681.73,3.4333,33.114,0.092182,vapor
860,16.733,2.5625,0.39024,57.114,63.644,118.45,34.442,48.501,681.54,3.4309,33.125,0.092308,vapor
860,16.847,2.5816,0.38736,57.099,63.625,118.38,34.466,48.575,681.36,3.4286,33.136,0.092434,vapor
860,16.96,2.6007,0.38451,57.085,63.606,118.3,34.49,48.65,681.18,3.4262,33.147,0.092561,vapor
860,17.073,2.6198,0.3817,57.07,63.587,118.23,34.514,48.724,681,3.4238,33.157,0.092688,vapor
860,17.187,2.639,0.37893,57.056,63.568,118.16,34.537,48.799,680.82,3.4214,33.168,0.092815,vapor
860,17.3,2.6582,0.3762,57.041,63.549,118.09,34.561,48.874,680.64,3.419,33.179,0.092943,vapor
860,17.413,2.6774,0.3735,57.027,63.53,118.02,34.585,48.949,680.45,3.4166,33.19,0.093072,vapor
860,17.527,2.6967,0.37083,57.012,63.511,117.95,34.609,49.025,680.27,3.4142,33.201,0.0932,vapor
860,17.64,2.7159,0.3682,56.997,63.492,117.87,34.633,49.1,680.09,3.4118,33.212,0.093329,vapor
860,17.753,2.7352,0.3656,56.983,63.473,117.8,34.657,49.176,679.91,3.4093,33.223,0.093459,vapor
860,17.867,2.7545,0.36304,56.968,63.454,117.73,34.681,49.252,679.73,3.4069,33.234,0.093589,vapor
860,17.98,2.7739,0.3605,56.954,63.435,117.66,34.705,49.328,679.55,3.4044,33.246,0.093719,vapor
860,18.093,2.7933,0.358,56.939,63.416,117.6,34.729,49.405,679.37,3.402,33.257,0.09385,vapor
860,18.207,2.8127,0.35553,56.924,63.397,117.53,34.753,49.481,679.19,3.3995,33.268,0.093981,vapor
860,18.32,2.8321,0.35309,56.91,63.378,117.46,34.777,49.558,679.01,3.397,33.28,0.094113,vapor
860,18.433,2.8516,0.35069,56.895,63.359,117.39,34.801,49.635,678.83,3.3945,33.291,0.094245,vapor
860,18.547,2.871,0.34831,56.88,63.34,117.32,34.825,49.712,678.65,3.392,33.303,0.094377,vapor
860,18.66,2.8906,0.34595,56.865,63.321,117.25,34.849,49.789,678.48,3.3895,33.314,0.09451,vapor
860,18.773,2.9101,0.34363,56.851,63.302,117.18,34.873,49.867,678.3,3.387,33.326,0.094643,vapor
860,18.887,2.9297,0.34134,56.836,63.283,117.12,34.897,49.945,678.12,3.3845,33.337,0.094777,vapor
860,19,2.9493,0.33907,56.821,63.264,117.05,34.921,50.023,677.94,3.3819,33.349,0.094911,vapor
860,19.113,2.9689,0.33683,56.806,63.244,116.98,34.945,50.101,677.76,3.3794,33.361,0.095046,vapor
860,19.227,2.9885,0.33461,56.792,63.225,116.92,34.97,50.179,677.58,3.3768,33.373,0.095181,vapor
860,19.34,3.0082,0.33243,56.777,63.206,116.85,34.994,50.257,677.41,3.3743,33.385,0.095316,vapor
860,19.453,3.0279,0.33026,56.762,63.187,116.78,35.018,50.336,677.23,3.3717,33.397,0.095452,vapor
860,19.567,3.0476,0.32812,56.747,63.167,116.72,35.042,50.415,677.05,3.3691,33.409,0.095589,vapor
860,19.68,3.0674,0.32601,56.732,63.148,116.65,35.066,50.494,676.88,3.3665,33.421,0.095725,vapor
860,19.793,3.0872,0.32392,56.717,63.129,116.59,35.09,50.573,676.7,3.3639,33.433,0.095863,vapor
860,19.907,3.107,0.32186,56.703,63.11,116.52,35.115,50.653,676.52,3.3613,33.445,0.096,vapor
860,20.02,3.1268,0.31981,56.688,63.09,116.46,35.139,50.732,676.35,3.3587,33.457,0.096138,vapor
860,20.133,3.1467,0.31779,56.673,63.071,116.39,35.163,50.812,676.17,3.3561,33.469,0.096277,vapor
860,20.247,3.1666,0.3158,56.658,63.052,116.33,35.187,50.892,676,3.3534,33.482,0.096416,vapor
860,20.36,3.1865,0.31382,56.643,63.032,116.27,35.211,50.973,675.82,3.3508,33.494,0.096555,vapor
860,20.473,3.2065,0.31187,56.628,63.013,116.2,35.236,51.053,675.65,3.3481,33.507,0.096695,vapor
860,20.587,3.2265,0.30994,56.613,62.994,116.14,35.26,51.134,675.47,3.3455,33.519,0.096835,vapor
860,20.7,3.2465,0.30803,56.598,62.974,116.07,35.284,51.214,675.3,3.3428,33.532,0.096976,vapor
860,20.813,3.2665,0.30614,56.583,62.955,116.01,35.308,51.295,675.12,3.3401,33.544,0.097117,vapor
860,20.927,3.2866,0.30427,56.568,62.935,115.95,35.333,51.377,674.95,3.3374,33.557,0.097259,vapor
860,21.04,3.3067,0.30242,56.553,62.916,115.89,35.357,51.458,674.78,3.3347,33.57,0.097401,vapor
860,21.153,3.3268,0.30059,56.538,62.896,115.82,35.381,51.54,674.6,3.332,33.582,0.097544,vapor
860,21.267,3.3469,0.29878,56.523,62.877,115.76,35.406,51.621,674.43,3.3293,33.595,0.097687,vapor
860,21.38,3.3671,0.29699,56.508,62.858,115.7,35.43,51.703,674.26,3.3266,33.608,0.09783,vapor
860,21.493,3.3873,0.29522,56.493,62.838,115.64,35.454,51.786,674.08,3.3239,33.621,0.097974,vapor
860,21.607,3.4076,0.29347,56.478,62.819,115.58,35.479,51.868,673.91,3.3211,33.634,0.098119,vapor
860,21.72,3.4278,0.29173,56.463,62.799,115.52,35.503,51.951,673.74,3.3184,33.647,0.098264,vapor
860,21.833,3.4481,0.29001,56.447,62.779,115.45,35.527,52.033,673.57,3.3156,33.661,0.098409,vapor
860,21.947,3.4684,0.28831,56.432,62.76,115.39,35.552,52.116,673.4,3.3129,33.674,0.098555,vapor
860,22.06,3.4888,0.28663,56.417,62.74,115.33,35.576,52.199,673.23,3.3101,33.687,0.098701,vapor
860,22.173,3.5092,0.28497,56.402,62.721,115.27,35.6,52.283,673.06,3.3073,33.7,0.098848,vapor
860,22.173,3.5092,0.28497,56.402,62.721,115.27,35.6,52.283,673.06,3.3073,33.7,0.098848,supercritical
860,22.173,3.5092,0.28497,56.402,62.721,115.27,35.6,52.283,673.06,3.3073,33.7,0.098848,supercritical
860,22.287,3.5296,0.28332,56.387,62.701,115.21,35.625,52.366,672.89,3.3045,33.714,0.098995,supercritical
860,22.4,3.55,0.28169,56.372,62.681,115.15,35.649,52.45,672.72,3.3017,33.727,0.099143,supercritical
860,22.513,3.5705,0.28007,56.356,62.662,115.09,35.674,52.534,672.55,3.2989,33.741,0.099291,supercritical
860,22.627,3.591,0.27848,56.341,62.642,115.03,35.698,52.618,672.38,3.2961,33.754,0.09944,supercritical
860,22.74,3.6115,0.27689,56.326,62.623,114.97,35.722,52.702,672.21,3.2933,33.768,0.099589,supercritical
860,22.853,3.6321,0.27533,56.311,62.603,114.91,35.747,52.787,672.04,3.2904,33.782,0.099738,supercritical
860,22.967,3.6526,0.27377,56.295,62.583,114.86,35.771,52.872,671.87,3.2876,33.795,0.099889,supercritical
860,23.08,3.6733,0.27224,56.28,62.563,114.8,35.796,52.957,671.7,3.2847,33.809,0.10004,supercritical
860,23.193,3.6939,0.27072,56.265,62.544,114.74,35.82,53.042,671.53,3.2819,33.823,0.10019,supercritical
860,23.307,3.7146,0.26921,56.25,62.524,114.68,35.845,53.127,671.37,3.279,33.837,0.10034,supercritical
860,23.42,3.7353,0.26772,56.234,62.504,114.62,35.869,53.213,671.2,3.2761,33.851,0.10049,supercritical
860,23.533,3.756,0.26624,56.219,62.484,114.56,35.893,53.298,671.03,3.2732,33.865,0.10065,supercritical
860,23.647,3.7768,0.26478,56.204,62.465,114.5,35.918,53.384,670.87,3.2703,33.879,0.1008,supercritical
860,23.76,3.7976,0.26333,56.188,62.445,114.45,35.942,53.47,670.7,3.2674,33.893,0.10095,supercritical
860,23.873,3.8184,0.26189,56.173,62.425,114.39,35.967,53.556,670.54,3.2645,33.907,0.10111,supercritical
860,23.987,3.8392,0.26047,56.158,62.405,114.33,35.991,53.643,670.37,3.2616,33.922,0.10126,supercritical
860,24.1,3.8601,0.25906,56.142,62.385,114.27,36.016,53.73,670.21,3.2587,33.936,0.10142,supercritical
860,24.213,3.881,0.25766,56.127,62.366,114.22,36.04,53.817,670.04,3.2558,33.95,0.10157,supercritical
860,24.327,3.902,0.25628,56.111,62.346,114.16,36.065,53.904,669.88,3.2528,33.965,0.10173,supercritical
860,24.44,3.9229,0.25491,56.096,62.326,114.1,36.089,53.991,669.71,3.2499,33.979,0.10188,supercritical
860,24.553,3.9439,0.25355,56.08,62.306,114.05,36.114,54.078,669.55,3.2469,33.994,0.10204,supercritical
860,24.667,3.9649,0.25221,56.065,62.286,113.99,36.138,54.166,669.39,3.2439,34.009,0.1022,supercritical
860,24.78,3.986,0.25088,56.049,62.266,113.93,36.163,54.254,669.22,3.241,34.023,0.10236,supercritical
860,24.893,4.0071,0.24956,56.034,62.246,113.88,36.187,54.342,669.06,3.238,34.038,0.10252,supercritical
860,25.007,4.0282,0.24825,56.018,62.226,113.82,36.212,54.43,668.9,3.235,34.053,0.10267,supercritical
860,25.12,4.0494,0.24695,56.003,62.206,113.77,36.236,54.518,668.74,3.232,34.068,0.10283,supercritical
860,25.233,4.0705,0.24567,55.987,62.186,113.71,36.261,54.607,668.58,3.229,34.083,0.10299,supercritical
860,25.347,4.0918,0.24439,55.972,62.166,113.65,36.285,54.696,668.42,3.2259,34.098,0.10315,supercritical
860,25.46,4.113,0.24313,55.956,62.146,113.6,36.31,54.785,668.26,3.2229,34.113,0.10332,supercritical
860,25.573,4.1343,0.24188,55.941,62.126,113.54,36.334,54.874,668.1,3.2199,34.128,0.10348,supercritical
860,25.687,4.1556,0.24064,55.925,62.106,113.49,36.359,54.963,667.94,3.2168,34.143,0.10364,supercritical
860,25.8,4.1769,0.23941,55.909,62.086,113.43,36.383,55.053,667.78,3.2138,34.159,0.1038,supercritical
860,25.913,4.1983,0.23819,55.894,62.066,113.38,36.408,55.143,667.62,3.2107,34.174,0.10396,supercritical
860,26.027,4.2197,0.23699,55.878,62.046,113.32,36.432,55.233,667.46,3.2077,34.189,0.10413,supercritical
860,26.14,4.2411,0.23579,55.862,62.026,113.27,36.457,55.323,667.3,3.2046,34.205,0.10429,supercritical
860,26.253,4.2625,0.2346,55.847,62.006,113.22,36.482,55.413,667.15,3.2015,34.22,0.10446,supercritical
860,26.367,4.284,0.23343,55.831,61.986,113.16,36.506,55.504,666.99,3.1984,34.236,0.10462,supercritical
860,26.48,4.3055,0.23226,55.815,61.966,113.11,36.531,55.595,666.83,3.1953,34.252,0.10479,supercritical
860,26.593,4.3271,0.2311,55.8,61.946,113.05,36.555,55.685,666.68,3.1922,34.267,0.10495,supercritical
860,26.707,4.3487,0.22996,55.784,61.925,113,36.58,55.777,666.52,3.1891,34.283,0.10512,supercritical
860,26.82,4.3703,0.22882,55.768,61.905,112.95,36.604,55.868,666.36,3.186,34.299,0.10529,supercritical
860,26.933,4.3919,0.22769,55.753,61.885,112.89,36.629,55.959,666.21,3.1829,34.315,0.10546,supercritical
860,27.047,4.4136,0.22657,55.737,61.865,112.84,36.653,56.051,666.05,3.1797,34.331,0.10563,supercritical
860,27.16,4.4353,0.22547,55.721,61.845,112.79,36.678,56.143,665.9,3.1766,34.347,0.10579,supercritical
860,27.273,4.457,0.22437,55.705,61.824,112.73,36.702,56.235,665.75,3.1734,34.363,0.10596,supercritical
860,27.387,4.4788,0.22328,55.689,61.804,112.68,36.727,56.327,665.59,3.1703,34.379,0.10613,supercritical
860,27.5,4.5006,0.22219,55.674,61.784,112.63,36.751,56.42,665.44,3.1671,34.395,0.1063,supercritical
860,27.613,4.5224,0.22112,55.658,61.764,112.57,36.776,56.512,665.29,3.1639,34.412,0.10648,supercritical
860,27.727,4.5442,0.22006,55.642,61.743,112.52,36.8,56.605,665.14,3.1607,34.428,0.10665,supercritical
860,27.84,4.5661,0.219,55.626,61.723,112.47,36.825,56.698,664.99,3.1575,34.444,0.10682,supercritical
860,27.953,4.588,0.21796,55.61,61.703,112.42,36.849,56.791,664.84,3.1543,34.461,0.10699,supercritical
860,28.067,4.61,0.21692,55.594,61.683,112.36,36.874,56.885,664.69,3.1511,34.478,0.10717,supercritical
860,28.18,4.632,0.21589,55.578,61.662,112.31,36.898,56.978,664.54,3.1479,34.494,0.10734,supercritical
860,28.293,4.654,0.21487,55.563,61.642,112.26,36.923,57.072,664.39,3.1447,34.511,0.10751,supercritical
860,28.407,4.676,0.21386,55.547,61.622,112.21,36.947,57.166,664.24,3.1415,34.528,0.10769,supercritical
860,28.52,4.6981,0.21285,55.531,61.601,112.16,36.972,57.26,664.09,3.1382,34.544,0.10786,supercritical
860,28.633,4.7202,0.21185,55.515,61.581,112.1,36.996,57.355,663.94,3.135,34.561,0.10804,supercritical
860,28.747,4.7424,0.21087,55.499,61.56,112.05,37.021,57.449,663.79,3.1317,34.578,0.10822,supercritical
860,28.86,4.7645,0.20988,55.483,61.54,112,37.045,57.544,663.65,3.1285,34.595,0.10839,supercritical
860,28.973,4.7867,0.20891,55.467,61.52,111.95,37.07,57.639,663.5,3.1252,34.612,0.10857,supercritical
860,29.087,4.809,0.20794,55.451,61.499,111.9,37.094,57.734,663.36,3.1219,34.63,0.10875,supercritical
860,29.2,4.8312,0.20699,55.435,61.479,111.85,37.119,57.829,663.21,3.1187,34.647,0.10893,supercritical
860,29.313,4.8535,0.20604,55.419,61.458,111.8,37.143,57.924,663.06,3.1154,34.664,0.10911,supercritical
860,29.427,4.8759,0.20509,55.403,61.438,111.75,37.168,58.02,662.92,3.1121,34.681,0.10929,supercritical
860,29.54,4.8982,0.20416,55.387,61.417,111.7,37.192,58.116,662.78,3.1088,34.699,0.10947,supercritical
860,29.653,4.9206,0.20323,55.371,61.397,111.64,37.217,58.212,662.63,3.1055,34.716,0.10965,supercritical
860,29.767,4.9431,0.2023,55.354,61.376,111.59,37.241,58.308,662.49,3.1021,34.734,0.10983,supercritical
860,29.88,4.9655,0.20139,55.338,61.356,111.54,37.266,58.404,662.35,3.0988,34.752,0.11002,supercritical
860,29.993,4.988,0.20048,55.322,61.335,111.49,37.29,58.501,662.21,3.0955,34.769,0.1102,supercritical
860,30.107,5.0105,0.19958,55.306,61.315,111.44,37.314,58.598,662.07,3.0921,34.787,0.11038,supercritical
860,30.22,5.0331,0.19869,55.29,61.294,111.39,37.339,58.695,661.92,3.0888,34.805,0.11057,supercritical
860,30.333,5.0557,0.1978,55.274,61.274,111.34,37.363,58.792,661.78,3.0854,34.823,0.11075,supercritical
860,30.447,5.0783,0.19692,55.258,61.253,111.29,37.388,58.889,661.64,3.0821,34.841,0.11094,supercritical
860,30.56,5.1009,0.19604,55.242,61.233,111.24,37.412,58.986,661.51,3.0787,34.859,0.11112,supercritical
860,30.673,5.1236,0.19517,55.225,61.212,111.19,37.436,59.084,661.37,3.0753,34.877,0.11131,supercritical
860,30.787,5.1463,0.19431,55.209,61.191,111.14,37.461,59.182,661.23,3.072,34.895,0.11149,supercritical
860,30.9,5.1691,0.19346,55.193,61.171,111.09,37.485,59.28,661.09,3.0686,34.913,0.11168,supercritical
860,31.013,5.1919,0.19261,55.177,61.15,111.04,37.51,59.378,660.96,3.0652,34.931,0.11187,supercritical
860,31.127,5.2147,0.19177,55.161,61.13,111,37.534,59.476,660.82,3.0618,34.95,0.11206,supercritical
860,31.24,5.2375,0.19093,55.144,61.109,110.95,37.558,59.575,660.68,3.0583,34.968,0.11225,supercritical
860,31.353,5.2604,0.1901,55.128,61.088,110.9,37.583,59.673,660.55,3.0549,34.987,0.11244,supercritical
860,31.467,5.2833,0.18928,55.112,61.068,110.85,37.607,59.772,660.41,3.0515,35.005,0.11263,supercritical
860,31.58,5.3062,0.18846,55.095,61.047,110.8,37.631,59.871,660.28,3.0481,35.024,0.11282,supercritical
860,31.693,5.3292,0.18764,55.079,61.026,110.75,37.656,59.97,660.15,3.0446,35.043,0.11301,supercritical
860,31.807,5.3522,0.18684,55.063,61.006,110.7,37.68,60.07,660.01,3.0412,35.061,0.1132,supercritical
860,31.92,5.3753,0.18604,55.047,60.985,110.65,37.704,60.169,659.88,3.0377,35.08,0.1134,supercritical
860,32.033,5.3983,0.18524,55.03,60.964,110.6,37.728,60.269,659.75,3.0343,35.099,0.11359,supercritical
860,32.147,5.4214,0.18445,55.014,60.943,110.56,37.753,60.369,659.62,3.0308,35.118,0.11378,supercritical
860,32.26,5.4446,0.18367,54.997,60.923,110.51,37.777,60.469,659.49,3.0273,35.137,0.11398,supercritical
860,32.373,5.4677,0.18289,54.981,60.902,110.46,37.801,60.569,659.36,3.0239,35.156,0.11417,supercritical
860,32.487,5.4909,0.18212,54.965,60.881,110.41,37.825,60.669,659.23,3.0204,35.176,0.11437,supercritical
860,32.6,5.5142,0.18135,54.948,60.86,110.36,37.85,60.77,659.1,3.0169,35.195,0.11457,supercritical
860,32.713,5.5374,0.18059,54.932,60.84,110.32,37.874,60.871,658.97,3.0134,35.214,0.11476,supercritical
860,32.827,5.5607,0.17983,54.915,60.819,110.27,37.898,60.972,658.84,3.0099,35.234,0.11496,supercritical
860,32.94,5.5841,0.17908,54.899,60.798,110.22,37.922,61.073,658.72,3.0064,35.253,0.11516,supercritical
860,33.053,5.6074,0.17833,54.883,60.777,110.17,37.946,61.174,658.59,3.0029,35.273,0.11536,supercritical
860,33.167,5.6308,0.17759,54.866,60.756,110.12,37.971,61.275,658.47,2.9993,35.292,0.11556,supercritical
860,33.28,5.6543,0.17686,54.85,60.735,110.08,37.995,61.377,658.34,2.9958,35.312,0.11576,supercritical
860,33.393,5.6777,0.17613,54.833,60.715,110.03,38.019,61.478,658.22,2.9923,35.332,0.11596,supercritical
860,33.507,5.7012,0.1754,54.817,60.694,109.98,38.043,61.58,658.09,2.9887,35.352,0.11616,supercritical
860,33.62,5.7248,0.17468,54.8,60.673,109.93,38.067,61.682,657.97,2.9852,35.371,0.11636,supercritical
860,33.733,5.7483,0.17396,54.784,60.652,109.89,38.091,61.785,657.85,2.9816,35.391,0.11657,supercritical
860,33.847,5.7719,0.17325,54.767,60.631,109.84,38.115,61.887,657.73,2.9781,35.411,0.11677,supercritical
860,33.96,5.7956,0.17255,54.751,60.61,109.79,38.139,61.989,657.6,2.9745,35.432,0.11697,supercritical
860,34.073,5.8192,0.17184,54.734,60.589,109.75,38.163,62.092,657.48,2.9709,35.452,0.11718,supercritical
860,34.187,5.8429,0.17115,54.718,60.568,109.7,38.187,62.195,657.36,2.9673,35.472,0.11738,supercritical
860,34.3,5.8666,0.17046,54.701,60.548,109.65,38.211,62.298,657.25,2.9637,35.492,0.11759,supercritical
860,34.413,5.8904,0.16977,54.684,60.527,109.61,38.235,62.401,657.13,2.9601,35.513,0.1178,supercritical
860,34.527,5.9142,0.16908,54.668,60.506,109.56,38.259,62.504,657.01,2.9565,35.533,0.118,supercritical
860,34.64,5.938,0.16841,54.651,60.485,109.51,38.283,62.608,656.89,2.9529,35.554,0.11821,supercritical
860,34.753,5.9619,0.16773,54.635,60.464,109.47,38.307,62.711,656.78,2.9493,35.574,0.11842,supercritical
860,34.867,5.9858,0.16706,54.618,60.443,109.42,38.331,62.815,656.66,2.9457,35.595,0.11863,supercritical
860,34.98,6.0097,0.1664,54.601,60.422,109.37,38.355,62.919,656.54,2.9421,35.616,0.11884,supercritical
860,35.093,6.0336,0.16574,54.585,60.401,109.33,38.379,63.023,656.43,2.9385,35.637,0.11905,supercritical
860,35.207,6.0576,0.16508,54.568,60.38,109.28,38.403,63.127,656.32,2.9348,35.657,0.11926,supercritical
860,35.32,6.0817,0.16443,54.551,60.359,109.23,38.427,63.232,656.2,2.9312,35.678,0.11947,supercritical
860,35.433,6.1057,0.16378,54.535,60.338,109.19,38.451,63.336,656.09,2.9275,35.699,0.11968,supercritical
860,35.547,6.1298,0.16314,54.518,60.317,109.14,38.475,63.441,655.98,2.9239,35.721,0.1199,supercritical
860,35.66,6.1539,0.1625,54.501,60.296,109.1,38.498,63.546,655.87,2.9202,35.742,0.12011,supercritical
860,35.773,6.1781,0.16186,54.484,60.275,109.05,38.522,63.65,655.76,2.9166,35.763,0.12032,supercritical
860,35.887,6.2023,0.16123,54.468,60.254,109,38.546,63.756,655.65,2.9129,35.784,0.12054,supercritical
860,36,6.2265,0.1606,54.451,60.233,108.96,38.57,63.861,655.54,2.9092,35.806,0.12075,supercritical
860,36.113,6.2508,0.15998,54.434,60.212,108.91,38.593,63.966,655.43,2.9055,35.827,0.12097,supercritical
860,36.227,6.275,0.15936,54.417,60.191,108.87,38.617,64.072,655.32,2.9018,35.849,0.12119,supercritical
860,36.34,6.2994,0.15875,54.401,60.169,108.82,38.641,64.177,655.22,2.8981,35.87,0.1214,supercritical
860,36.453,6.3237,0.15813,54.384,60.148,108.78,38.665,64.283,655.11,2.8944,35.892,0.12162,supercritical
860,36.567,6.3481,0.15753,54.367,60.127,108.73,38.688,64.389,655.01,2.8907,35.914,0.12184,supercritical
860,36.68,6.3725,0.15692,54.35,60.106,108.69,38.712,64.495,654.9,2.887,35.936,0.12206,supercritical
860,36.793,6.397,0.15632,54.333,60.085,108.64,38.736,64.601,654.8,2.8833,35.958,0.12228,supercritical
860,36.907,6.4215,0.15573,54.317,60.064,108.6,38.759,64.707,654.69,2.8796,35.98,0.1225,supercritical
860,37.02,6.446,0.15514,54.3,60.043,108.55,38.783,64.814,654.59,2.8759,36.002,0.12272,supercritical
860,37.133,6.4705,0.15455,54.283,60.022,108.51,38.806,64.921,654.49,2.8721,36.024,0.12294,supercritical
860,37.247,6.4951,0.15396,54.266,60.001,108.46,38.83,65.027,654.39,2.8684,36.046,0.12317,supercritical
860,37.36,6.5197,0.15338,54.249,59.979,108.42,38.853,65.134,654.29,2.8647,36.068,0.12339,supercritical
860,37.473,6.5444,0.1528,54.232,59.958,108.37,38.877,65.241,654.19,2.8609,36.091,0.12361,supercritical
860,37.587,6.5691,0.15223,54.215,59.937,108.33,38.9,65.348,654.09,2.8572,36.113,0.12384,supercritical
860,37.7,6.5938,0.15166,54.198,59.916,108.28,38.924,65.455,653.99,2.8534,36.135,0.12406,supercritical
860,37.813,6.6185,0.15109,54.182,59.895,108.24,38.947,65.563,653.9,2.8496,36.158,0.12429,supercritical
860,37.927,6.6433,0.15053,54.165,59.874,108.19,38.971,65.67,653.8,2.8459,36.181,0.12452,supercritical
860,38.04,6.6681,0.14997,54.148,59.852,108.15,38.994,65.778,653.71,2.8421,36.203,0.12474,supercritical
860,38.153,6.693,0.14941,54.131,59.831,108.1,39.017,65.885,653.61,2.8383,36.226,0.12497,supercritical
860,38.267,6.7179,0.14886,54.114,59.81,108.06,39.041,65.993,653.52,2.8345,36.249,0.1252,supercritical
860,38.38,6.7428,0.14831,54.097,59.789,108.02,39.064,66.101,653.42,2.8307,36.272,0.12543,supercritical
860,38.493,6.7677,0.14776,54.08,59.768,107.97,39.087,66.209,653.33,2.827,36.295,0.12566,supercritical
860,38.607,6.7927,0.14722,54.063,59.746,107.93,39.111,66.318,653.24,2.8232,36.318,0.12589,supercritical
860,38.72,6.8177,0.14668,54.046,59.725,107.88,39.134,66.426,653.15,2.8194,36.341,0.12612,supercritical
860,38.833,6.8428,0.14614,54.029,59.704,107.84,39.157,66.534,653.06,2.8155,36.364,0.12635,supercritical
860,38.947,6.8679,0.14561,54.012,59.683,107.8,39.18,66.643,652.97,2.8117,36.388,0.12659,supercritical
860,39.06,6.893,0.14508,53.995,59.662,107.75,39.203,66.751,652.88,2.8079,36.411,0.12682,supercritical
860,39.173,6.9181,0.14455,53.978,59.64,107.71,39.226,66.86,652.79,2.8041,36.435,0.12705,supercritical
860,39.287,6.9433,0.14402,53.961,59.619,107.66,39.25,66.969,652.71,2.8003,36.458,0.12729,supercritical
860,39.4,6.9685,0.1435,53.944,59.598,107.62,39.273,67.078,652.62,2.7964,36.482,0.12752,supercritical
860,39.513,6.9938,0.14298,53.927,59.576,107.58,39.296,67.187,652.54,2.7926,36.505,0.12776,supercritical
860,39.627,7.019,0.14247,53.91,59.555,107.53,39.319,67.296,652.45,2.7888,36.529,0.128,supercritical
860,39.74,7.0443,0.14196,53.893,59.534,107.49,39.342,67.405,652.37,2.7849,36.553,0.12823,supercritical
860,39.853,7.0697,0.14145,53.875,59.513,107.45,39.365,67.515,652.29,2.7811,36.577,0.12847,supercritical
860,39.967,7.0951,0.14094,53.858,59.491,107.4,39.388,67.624,652.2,2.7772,36.601,0.12871,supercritical
860,40.08,7.1205,0.14044,53.841,59.47,107.36,39.411,67.734,652.12,2.7734,36.625,0.12895,supercritical
860,40.193,7.1459,0.13994,53.824,59.449,107.32,39.434,67.844,652.04,2.7695,36.649,0.12919,supercritical
860,40.307,7.1714,0.13944,53.807,59.428,107.27,39.456,67.953,651.96,2.7656,36.673,0.12943,supercritical
860,40.42,7.1969,0.13895,53.79,59.406,107.23,39.479,68.063,651.89,2.7617,36.697,0.12967,supercritical
860,40.533,7.2224,0.13846,53.773,59.385,107.19,39.502,68.173,651.81,2.7579,36.722,0.12992,supercritical
860,40.647,7.248,0.13797,53.756,59.364,107.14,39.525,68.283,651.73,2.754,36.746,0.13016,supercritical
860,40.76,7.2736,0.13748,53.738,59.342,107.1,39.548,68.393,651.66,2.7501,36.771,0.1304,supercritical
860,40.873,7.2992,0.137,53.721,59.321,107.06,39.57,68.503,651.58,2.7462,36.795,0.13065,supercritical
860,40.987,7.3249,0.13652,53.704,59.3,107.02,39.593,68.614,651.51,2.7423,36.82,0.13089,supercritical
860,41.1,7.3506,0.13604,53.687,59.278,106.97,39.616,68.724,651.43,2.7384,36.845,0.13114,supercritical
860,41.213,7.3763,0.13557,53.67,59.257,106.93,39.638,68.835,651.36,2.7345,36.869,0.13138,supercritical
860,41.327,7.4021,0.1351,53.653,59.236,106.89,39.661,68.945,651.29,2.7306,36.894,0.13163,supercritical
860,41.44,7.4279,0.13463,53.635,59.214,106.84,39.684,69.056,651.22,2.7267,36.919,0.13188,supercritical
860,41.553,7.4537,0.13416,53.618,59.193,106.8,39.706,69.166,651.15,2.7228,36.944,0.13213,supercritical
860,41.667,7.4796,0.1337,53.601,59.172,106.76,39.729,69.277,651.08,2.7189,36.969,0.13238,supercritical
860,41.78,7.5055,0.13324,53.584,59.15,106.72,39.751,69.388,651.01,2.715,36.994,0.13262,supercritical
860,41.893,7.5314,0.13278,53.566,59.129,106.67,39.774,69.499,650.95,2.711,37.02,0.13288,supercritical
860,42.007,7.5574,0.13232,53.549,59.108,106.63,39.796,69.61,650.88,2.7071,37.045,0.13313,supercritical
860,42.12,7.5834,0.13187,53.532,59.086,106.59,39.818,69.721,650.81,2.7032,37.07,0.13338,supercritical
860,42.233,7.6094,0.13142,53.515,59.065,106.55,39.841,69.832,650.75,2.6992,37.096,0.13363,supercritical
860,42.347,7.6354,0.13097,53.497,59.043,106.51,39.863,69.943,650.69,2.6953,37.121,0.13388,supercritical
860,42.46,7.6615,0.13052,53.48,59.022,106.46,39.885,70.055,650.62,2.6913,37.147,0.13414,supercritical
860,42.573,7.6876,0.13008,53.463,59.001,106.42,39.908,70.166,650.56,2.6874,37.173,0.13439,supercritical
860,42.687,7.7138,0.12964,53.446,58.979,106.38,39.93,70.277,650.5,2.6834,37.198,0.13465,supercritical
860,42.8,7.74,0.1292,53.428,58.958,106.34,39.952,70.389,650.44,2.6795,37.224,0.1349,supercritical
860,42.913,7.7662,0.12876,53.411,58.937,106.3,39.974,70.5,650.38,2.6755,37.25,0.13516,supercritical
860,43.027,7.7924,0.12833,53.394,58.915,106.25,39.996,70.612,650.33,2.6716,37.276,0.13542,supercritical
860,43.14,7.8187,0.1279,53.376,58.894,106.21,40.018,70.723,650.27,2.6676,37.302,0.13568,supercritical
860,43.253,7.845,0.12747,53.359,58.872,106.17,40.04,70.835,650.21,2.6636,37.328,0.13593,supercritical
860,43.367,7.8714,0.12704,53.342,58.851,106.13,40.062,70.947,650.16,2.6597,37.355,0.13619,supercritical
860,43.48,7.8977,0.12662,53.324,58.83,106.09,40.084,71.058,650.1,2.6557,37.381,0.13645,supercritical
860,43.593,7.9241,0.1262,53.307,58.808,106.05,40.106,71.17,650.05,2.6517,37.407,0.13671,supercritical
860,43.707,7.9506,0.12578,53.29,58.787,106,40.128,71.282,650,2.6477,37.434,0.13698,supercritical
860,43.82,7.977,0.12536,53.272,58.766,105.96,40.15,71.394,649.95,2.6437,37.46,0.13724,supercritical
860,43.933,8.0035,0.12494,53.255,58.744,105.92,40.172,71.506,649.9,2.6398,37.487,0.1375,supercritical
860,44.047,8.0301,0.12453,53.238,58.723,105.88,40.194,71.618,649.85,2.6358,37.513,0.13776,supercritical
860,44.16,8.0566,0.12412,53.22,58.701,105.84,40.216,71.73,649.8,2.6318,37.54,0.13803,supercritical
860,44.273,8.0832,0.12371,53.203,58.68,105.8,40.237,71.842,649.75,2.6278,37.567,0.13829,supercritical
860,44.387,8.1098,0.12331,53.185,58.659,105.76,40.259,71.954,649.7,2.6238,37.594,0.13856,supercritical
860,44.5,8.1365,0.1229,53.168,58.637,105.72,40.281,72.066,649.66,2.6198,37.621,0.13883,supercritical
860,44.613,8.1632,0.1225,53.151,58.616,105.67,40.302,72.178,649.61,2.6157,37.648,0.13909,supercritical
860,44.727,8.1899,0.1221,53.133,58.594,105.63,40.324,72.29,649.57,2.6117,37.675,0.13936,supercritical
860,44.84,8.2166,0.1217,53.116,58.573,105.59,40.346,72.402,649.53,2.6077,37.702,0.13963,supercritical
860,44.953,8.2434,0.12131,53.098,58.552,105.55,40.367,72.515,649.49,2.6037,37.729,0.1399,supercritical
860,45.067,8.2702,0.12092,53.081,58.53,105.51,40.389,72.627,649.45,2.5997,37.757,0.14017,supercritical
860,45.18,8.297,0.12052,53.063,58.509,105.47,40.41,72.739,649.41,2.5957,37.784,0.14044,supercritical
860,45.293,8.3239,0.12014,53.046,58.487,105.43,40.432,72.851,649.37,2.5916,37.812,0.14071,supercritical
860,45.407,8.3508,0.11975,53.029,58.466,105.39,40.453,72.963,649.33,2.5876,37.839,0.14098,supercritical
860,45.52,8.3777,0.11936,53.011,58.445,105.35,40.474,73.076,649.29,2.5836,37.867,0.14125,supercritical
860,45.633,8.4047,0.11898,52.994,58.423,105.31,40.496,73.188,649.26,2.5796,37.894,0.14153,supercritical
860,45.747,8.4317,0.1186,52.976,58.402,105.27,40.517,73.3,649.22,2.5755,37.922,0.1418,supercritical
860,45.86,8.4587,0.11822,52.959,58.38,105.23,40.538,73.413,649.19,2.5715,37.95,0.14208,supercritical
860,45.973,8.4857,0.11784,52.941,58.359,105.19,40.559,73.525,649.16,2.5674,37.978,0.14235,supercritical
860,46.087,8.5128,0.11747,52.924,58.338,105.15,40.58,73.637,649.12,2.5634,38.006,0.14263,supercritical
860,46.2,8.5399,0.1171,52.906,58.316,105.11,40.601,73.749,649.09,2.5593,38.034,0.14291,supercritical
860,46.313,8.5671,0.11673,52.889,58.295,105.07,40.622,73.862,649.06,2.5553,38.062,0.14318,supercritical
860,46.427,8.5942,0.11636,52.871,58.273,105.03,40.643,73.974,649.04,2.5512,38.09,0.14346,supercritical
860,46.54,8.6214,0.11599,52.854,58.252,104.98,40.664,74.086,649.01,2.5472,38.119,0.14374,supercritical
860,46.653,8.6486,0.11563,52.836,58.231,104.94,40.685,74.199,648.98,2.5431,38.147,0.14402,supercritical
860,46.767,8.6759,0.11526,52.819,58.209,104.9,40.706,74.311,648.96,2.5391,38.176,0.1443,supercritical
860,46.88,8.7032,0.1149,52.801,58.188,104.86,40.727,74.423,648.93,2.535,38.204,0.14458,supercritical
860,46.993,8.7305,0.11454,52.784,58.167,104.82,40.748,74.535,648.91,2.531,38.233,0.14486,supercritical
860,47.107,8.7578,0.11418,52.766,58.145,104.78,40.769,74.647,648.89,2.5269,38.261,0.14514,supercritical
860,47.22,8.7852,0.11383,52.749,58.124,104.74,40.789,74.76,648.87,2.5228,38.29,0.14543,supercritical
860,47.333,8.8126,0.11347,52.731,58.102,104.71,40.81,74.872,648.85,2.5188,38.319,0.14571,supercritical
860,47.447,8.84,0.11312,52.714,58.081,104.67,40.831,74.984,648.83,2.5147,38.348,0.14599,supercritical
860,47.56,8.8675,0.11277,52.696,58.06,104.63,40.851,75.096,648.81,2.5106,38.377,0.14628,supercritical
860,47.673,8.895,0.11242,52.679,58.038,104.59,40.872,75.208,648.79,2.5065,38.406,0.14657,supercritical
860,47.787,8.9225,0.11208,52.661,58.017,104.55,40.893,75.32,648.78,2.5025,38.435,0.14685,supercritical
860,47.9,8.95,0.11173,52.644,57.996,104.51,40.913,75.432,648.76,2.4984,38.464,0.14714,supercritical
860,48.013,8.9776,0.11139,52.626,57.974,104.47,40.933,75.544,648.75,2.4943,38.493,0.14743,supercritical
860,48.127,9.0052,0.11105,52.609,57.953,104.43,40.954,75.656,648.73,2.4902,38.522,0.14772,supercritical
860,48.24,9.0328,0.11071,52.591,57.932,104.39,40.974,75.768,648.72,2.4861,38.552,0.148,supercritical
860,48.353,9.0605,0.11037,52.573,57.91,104.35,40.994,75.88,648.71,2.482,38.581,0.14829,supercritical
860,48.467,9.0882,0.11003,52.556,57.889,104.31,41.015,75.991,648.7,2.478,38.611,0.14858,supercritical
860,48.58,9.1159,0.1097,52.538,57.867,104.27,41.035,76.103,648.7,2.4739,38.64,0.14888,supercritical
860,48.693,9.1436,0.10937,52.521,57.846,104.23,41.055,76.215,648.69,2.4698,38.67,0.14917,supercritical
860,48.807,9.1714,0.10903,52.503,57.825,104.19,41.075,76.326,648.68,2.4657,38.7,0.14946,supercritical
860,48.92,9.1992,0.10871,52.486,57.803,104.15,41.095,76.438,648.68,2.4616,38.73,0.14975,supercritical
860,49.033,9.227,0.10838,52.468,57.782,104.11,41.115,76.549,648.67,2.4575,38.76,0.15005,supercritical
860,49.147,9.2549,0.10805,52.45,57.761,104.07,41.135,76.661,648.67,2.4534,38.79,0.15034,supercritical
860,49.26,9.2827,0.10773,52.433,57.74,104.04,41.155,76.772,648.67,2.4493,38.82,0.15064,supercritical
860,49.373,9.3106,0.1074,52.415,57.718,104,41.175,76.884,648.67,2.4452,38.85,0.15093,supercritical
860,49.487,9.3386,0.10708,52.398,57.697,103.96,41.195,76.995,648.67,2.4411,38.88,0.15123,supercritical
860,49.6,9.3665,0.10676,52.38,57.676,103.92,41.215,77.106,648.67,2.437,38.91,0.15153,supercritical
860,49.713,9.3945,0.10645,52.363,57.654,103.88,41.235,77.217,648.67,2.4329,38.94,0.15182,supercritical
860,49.827,9.4225,0.10613,52.345,57.633,103.84,41.254,77.328,648.68,2.4288,38.971,0.15212,supercritical
860,49.94,9.4506,0.10581,52.327,57.612,103.8,41.274,77.439,648.68,2.4247,39.001,0.15242,supercritical
860,50.053,9.4786,0.1055,52.31,57.59,103.76,41.294,77.55,648.69,2.4206,39.032,0.15272,supercritical
860,50.167,9.5067,0.10519,52.292,57.569,103.73,41.313,77.661,648.7,2.4164,39.062,0.15302,supercritical
860,50.28,9.5348,0.10488,52.275,57.548,103.69,41.333,77.771,648.7,2.4123,39.093,0.15332,supercritical
860,50.393,9.563,0.10457,52.257,57.527,103.65,41.352,77.882,648.71,2.4082,39.124,0.15363,supercritical
860,50.507,9.5911,0.10426,52.239,57.505,103.61,41.372,77.992,648.73,2.4041,39.155,0.15393,supercritical
860,50.62,9.6193,0.10396,52.222,57.484,103.57,41.391,78.103,648.74,2.4,39.185,0.15423,supercritical
860,50.733,9.6476,0.10365,52.204,57.463,103.53,41.411,78.213,648.75,2.3959,39.216,0.15453,supercritical
860,50.847,9.6758,0.10335,52.187,57.442,103.49,41.43,78.323,648.76,2.3918,39.247,0.15484,supercritical
860,50.96,9.7041,0.10305,52.169,57.42,103.46,41.449,78.433,648.78,2.3876,39.279,0.15514,supercritical
860,51.073,9.7324,0.10275,52.151,57.399,103.42,41.468,78.543,648.8,2.3835,39.31,0.15545,supercritical
860,51.187,9.7607,0.10245,52.134,57.378,103.38,41.488,78.653,648.81,2.3794,39.341,0.15576,supercritical
860,51.3,9.789,0.10216,52.116,57.357,103.34,41.507,78.763,648.83,2.3753,39.372,0.15606,supercritical
860,51.413,9.8174,0.10186,52.099,57.336,103.3,41.526,78.873,648.85,2.3712,39.404,0.15637,supercritical
860,51.527,9.8458,0.10157,52.081,57.314,103.27,41.545,78.982,648.88,2.367,39.435,0.15668,supercritical
860,51.64,9.8742,0.10127,52.063,57.293,103.23,41.564,79.092,648.9,2.3629,39.467,0.15699,supercritical
860,51.753,9.9027,0.10098,52.046,57.272,103.19,41.583,79.201,648.92,2.3588,39.498,0.1573,supercritical
860,51.867,9.9311,0.10069,52.028,57.251,103.15,41.601,79.31,648.95,2.3547,39.53,0.15761,supercritical
860,51.98,9.9596,0.10041,52.011,57.23,103.11,41.62,79.419,648.97,2.3506,39.561,0.15792,supercritical
860,52.093,9.9881,0.10012,51.993,57.209,103.08,41.639,79.528,649,2.3464,39.593,0.15823,supercritical
860,52.207,10.017,0.099834,51.975,57.187,103.04,41.658,79.637,649.03,2.3423,39.625,0.15854,supercritical
860,52.32,10.045,0.09955,51.958,57.166,103,41.676,79.745,649.06,2.3382,39.657,0.15886,supercritical
860,52.433,10.074,0.099267,51.94,57.145,102.96,41.695,79.854,649.09,2.334,39.689,0.15917,supercritical
860,52.547,10.102,0.098986,51.923,57.124,102.93,41.714,79.962,649.12,2.3299,39.721,0.15948,supercritical
860,52.66,10.131,0.098706,51.905,57.103,102.89,41.732,80.07,649.15,2.3258,39.753,0.1598,supercritical
860,52.773,10.16,0.098428,51.887,57.082,102.85,41.751,80.178,649.19,2.3217,39.785,0.16011,supercritical
860,52.887,10.188,0.098151,51.87,57.061,102.81,41.769,80.286,649.22,2.3175,39.818,0.16043,supercritical
860,53,10.217,0.097875,51.852,57.04,102.78,41.787,80.394,649.26,2.3134,39.85,0.16075,supercritical
860,53.113,10.246,0.097601,51.835,57.019,102.74,41.806,80.502,649.3,2.3093,39.882,0.16106,supercritical
860,53.227,10.275,0.097328,51.817,56.998,102.7,41.824,80.609,649.34,2.3051,39.915,0.16138,supercritical
860,53.34,10.303,0.097056,51.8,56.977,102.66,41.842,80.716,649.38,2.301,39.947,0.1617,supercritical
860,53.453,10.332,0.096786,51.782,56.955,102.63,41.86,80.823,649.42,2.2969,39.98,0.16202,supercritical
860,53.567,10.361,0.096517,51.764,56.934,102.59,41.879,80.93,649.46,2.2928,40.012,0.16234,supercritical
860,53.68,10.39,0.096249,51.747,56.913,102.55,41.897,81.037,649.51,2.2886,40.045,0.16266,supercritical
860,53.793,10.419,0.095982,51.729,56.892,102.51,41.915,81.144,649.55,2.2845,40.078,0.16298,supercritical
860,53.907,10.447,0.095717,51.712,56.871,102.48,41.933,81.25,649.6,2.2804,40.111,0.1633,supercritical
860,54.02,10.476,0.095453,51.694,56.85,102.44,41.95,81.356,649.65,2.2762,40.144,0.16362,supercritical
860,54.133,10.505,0.09519,51.676,56.829,102.4,41.968,81.462,649.7,2.2721,40.177,0.16394,supercritical
860,54.247,10.534,0.094929,51.659,56.808,102.37,41.986,81.568,649.75,2.268,40.21,0.16427,supercritical
860,54.36,10.563,0.094668,51.641,56.787,102.33,42.004,81.674,649.8,2.2639,40.243,0.16459,supercritical
860,54.473,10.592,0.094409,51.624,56.767,102.29,42.022,81.78,649.85,2.2597,40.276,0.16492,supercritical
860,54.587,10.621,0.094152,51.606,56.746,102.26,42.039,81.885,649.9,2.2556,40.309,0.16524,supercritical
860,54.7,10.65,0.093895,51.589,56.725,102.22,42.057,81.99,649.96,2.2515,40.342,0.16557,supercritical
860,54.813,10.679,0.09364,51.571,56.704,102.18,42.074,82.095,650.02,2.2473,40.376,0.16589,supercritical
860,54.927,10.708,0.093385,51.553,56.683,102.15,42.092,82.2,650.07,2.2432,40.409,0.16622,supercritical
860,55.04,10.737,0.093133,51.536,56.662,102.11,42.109,82.304,650.13,2.2391,40.443,0.16655,supercritical
860,55.153,10.766,0.092881,51.518,56.641,102.07,42.127,82.408,650.19,2.2349,40.476,0.16687,supercritical
860,55.267,10.796,0.09263,51.501,56.62,102.04,42.144,82.513,650.26,2.2308,40.51,0.1672,supercritical
860,55.38,10.825,0.092381,51.483,56.599,102,42.161,82.616,650.32,2.2267,40.543,0.16753,supercritical
860,55.493,10.854,0.092133,51.466,56.579,101.96,42.179,82.72,650.38,2.2226,40.577,0.16786,supercritical
860,55.607,10.883,0.091886,51.448,56.558,101.93,42.196,82.824,650.45,2.2184,40.611,0.16819,supercritical
860,55.72,10.912,0.09164,51.431,56.537,101.89,42.213,82.927,650.51,2.2143,40.645,0.16852,supercritical
860,55.833,10.941,0.091395,51.413,56.516,101.85,42.23,83.03,650.58,2.2102,40.679,0.16885,supercritical
860,55.947,10.971,0.091152,51.396,56.495,101.82,42.247,83.133,650.65,2.2061,40.713,0.16918,supercritical
860,56.06,11,0.090909,51.378,56.474,101.78,42.264,83.235,650.72,2.2019,40.747,0.16952,supercritical
860,56.173,11.029,0.090668,51.361,56.454,101.75,42.281,83.337,650.79,2.1978,40.781,0.16985,supercritical
860,56.287,11.059,0.090428,51.343,56.433,101.71,42.298,83.439,650.87,2.1937,40.815,0.17018,supercritical
860,56.4,11.088,0.090189,51.326,56.412,101.67,42.314,83.541,650.94,2.1896,40.849,0.17052,supercritical
860,56.513,11.117,0.089951,51.308,56.392,101.64,42.331,83.643,651.02,2.1855,40.883,0.17085,supercritical
860,56.627,11.146,0.089714,51.291,56.371,101.6,42.348,83.744,651.09,2.1813,40.918,0.17119,supercritical
860,56.74,11.176,0.089479,51.273,56.35,101.57,42.365,83.845,651.17,2.1772,40.952,0.17152,supercritical
860,56.853,11.205,0.089244,51.256,56.329,101.53,42.381,83.946,651.25,2.1731,40.986,0.17186,supercritical
860,56.967,11.235,0.089011,51.238,56.309,101.49,42.398,84.047,651.33,2.169,41.021,0.17219,supercritical
860,57.08,11.264,0.088778,51.221,56.288,101.46,42.414,84.147,651.42,2.1649,41.055,0.17253,supercritical
860,57.193,11.293,0.088547,51.203,56.267,101.42,42.431,84.247,651.5,2.1608,41.09,0.17287,supercritical
860,57.307,11.323,0.088317,51.186,56.247,101.39,42.447,84.347,651.58,2.1566,41.125,0.17321,supercritical
860,57.42,11.352,0.088088,51.168,56.226,101.35,42.463,84.447,651.67,2.1525,41.159,0.17355,supercritical
860,57.533,11.382,0.08786,51.151,56.206,101.32,42.479,84.546,651.76,2.1484,41.194,0.17389,supercritical
860,57.647,11.411,0.087633,51.133,56.185,101.28,42.496,84.645,651.85,2.1443,41.229,0.17423,supercritical
860,57.76,11.441,0.087407,51.116,56.164,101.25,42.512,84.744,651.94,2.1402,41.264,0.17457,supercritical
860,57.873,11.47,0.087182,51.098,56.144,101.21,42.528,84.842,652.03,2.1361,41.299,0.17491,supercritical
860,57.987,11.5,0.086958,51.081,56.123,101.17,42.544,84.941,652.12,2.132,41.334,0.17525,supercritical
860,58.1,11.529,0.086735,51.064,56.103,101.14,42.56,85.038,652.21,2.1279,41.369,0.17559,supercritical
860,58.213,11.559,0.086513,51.046,56.082,101.1,42.576,85.136,652.31,2.1238,41.404,0.17593,supercritical
860,58.327,11.588,0.086293,51.029,56.062,101.07,42.592,85.234,652.41,2.1197,41.439,0.17628,supercritical
860,58.44,11.618,0.086073,51.011,56.041,101.03,42.608,85.331,652.5,2.1156,41.475,0.17662,supercritical
860,58.553,11.648,0.085854,50.994,56.021,101,42.623,85.427,652.6,2.1115,41.51,0.17696,supercritical
860,58.667,11.677,0.085636,50.977,56.001,100.96,42.639,85.524,652.7,2.1074,41.545,0.17731,supercritical
860,58.78,11.707,0.08542,50.959,55.98,100.93,42.655,85.62,652.81,2.1033,41.581,0.17765,supercritical
860,58.893,11.737,0.085204,50.942,55.96,100.89,42.67,85.716,652.91,2.0992,41.616,0.178,supercritical
860,59.007,11.766,0.084989,50.924,55.939,100.86,42.686,85.812,653.01,2.0951,41.652,0.17834,supercritical
860,59.12,11.796,0.084776,50.907,55.919,100.82,42.701,85.907,653.12,2.091,41.687,0.17869,supercritical
860,59.233,11.826,0.084563,50.89,55.899,100.79,42.717,86.002,653.23,2.0869,41.723,0.17903,supercritical
860,59.347,11.855,0.084351,50.872,55.878,100.75,42.732,86.097,653.34,2.0828,41.758,0.17938,supercritical
860,59.46,11.885,0.08414,50.855,55.858,100.72,42.747,86.191,653.45,2.0787,41.794,0.17973,supercritical
860,59.573,11.915,0.08393,50.838,55.838,100.69,42.763,86.285,653.56,2.0746,41.83,0.18008,supercritical
860,59.687,11.944,0.083722,50.82,55.817,100.65,42.778,86.379,653.67,2.0705,41.866,0.18043,supercritical
860,59.8,11.974,0.083514,50.803,55.797,100.62,42.793,86.472,653.78,2.0665,41.901,0.18077,supercritical
860,59.913,12.004,0.083307,50.786,55.777,100.58,42.808,86.565,653.9,2.0624,41.937,0.18112,supercritical
860,60.027,12.034,0.083101,50.768,55.757,100.55,42.823,86.658,654.02,2.0583,41.973,0.18147,supercritical
860,60.14,12.063,0.082896,50.751,55.736,100.51,42.838,86.75,654.13,2.0542,42.009,0.18182,supercritical
860,60.253,12.093,0.082692,50.734,55.716,100.48,42.853,86.843,654.25,2.0501,42.045,0.18217,supercritical
860,60.367,12.123,0.082488,50.717,55.696,100.44,42.868,86.934,654.38,2.0461,42.082,0.18253,supercritical
860,60.48,12.153,0.082286,50.699,55.676,100.41,42.883,87.026,654.5,2.042,42.118,0.18288,supercritical
860,60.593,12.183,0.082085,50.682,55.656,100.38,42.897,87.117,654.62,2.0379,42.154,0.18323,supercritical
860,60.707,12.212,0.081884,50.665,55.636,100.34,42.912,87.208,654.75,2.0339,42.19,0.18358,supercritical
860,60.82,12.242,0.081685,50.648,55.616,100.31,42.927,87.298,654.87,2.0298,42.226,0.18393,supercritical
860,60.933,12.272,0.081486,50.63,55.596,100.27,42.941,87.388,655,2.0257,42.263,0.18429,supercritical
860,61.047,12.302,0.081289,50.613,55.576,100.24,42.956,87.478,655.13,2.0217,42.299,0.18464,supercritical
860,61.16,12.332,0.081092,50.596,55.555,100.2,42.97,87.567,655.26,2.0176,42.336,0.18499,supercritical
860,61.273,12.362,0.080896,50.579,55.535,100.17,42.985,87.656,655.39,2.0136,42.372,0.18535,supercritical
860,61.387,12.391,0.080701,50.562,55.515,100.14,42.999,87.745,655.52,2.0095,42.409,0.1857,supercritical
860,61.5,12.421,0.080507,50.544,55.496,100.1,43.013,87.833,655.66,2.0055,42.445,0.18606,supercritical
860,61.613,12.451,0.080314,50.527,55.476,100.07,43.028,87.921,655.79,2.0014,42.482,0.18641,supercritical
860,61.727,12.481,0.080121,50.51,55.456,100.04,43.042,88.009,655.93,1.9974,42.519,0.18677,supercritical
860,61.84,12.511,0.07993,50.493,55.436,100,43.056,88.096,656.07,1.9933,42.555,0.18713,supercritical
860,61.953,12.541,0.079739,50.476,55.416,99.968,43.07,88.183,656.21,1.9893,42.592,0.18748,supercritical
860,62.067,12.571,0.079549,50.459,55.396,99.935,43.084,88.269,656.35,1.9852,42.629,0.18784,supercritical
860,62.18,12.601,0.07936,50.441,55.376,99.901,43.098,88.356,656.49,1.9812,42.666,0.1882,supercritical
860,62.293,12.631,0.079172,50.424,55.356,99.868,43.112,88.441,656.64,1.9772,42.703,0.18856,supercritical
860,62.407,12.661,0.078985,50.407,55.336,99.834,43.126,88.527,656.78,1.9731,42.74,0.18891,supercritical
860,62.52,12.691,0.078799,50.39,55.317,99.801,43.14,88.612,656.93,1.9691,42.777,0.18927,supercritical
860,62.633,12.72,0.078613,50.373,55.297,99.767,43.153,88.696,657.08,1.9651,42.814,0.18963,supercritical
860,62.747,12.75,0.078429,50.356,55.277,99.734,43.167,88.781,657.23,1.9611,42.851,0.18999,supercritical
860,62.86,12.78,0.078245,50.339,55.257,99.701,43.181,88.864,657.38,1.957,42.888,0.19035,supercritical
860,62.973,12.81,0.078062,50.322,55.238,99.668,43.194,88.948,657.53,1.953,42.925,0.19071,supercritical
860,63.087,12.84,0.07788,50.305,55.218,99.634,43.208,89.031,657.68,1.949,42.962,0.19107,supercritical
860,63.2,12.87,0.077698,50.288,55.198,99.601,43.221,89.114,657.84,1.945,42.999,0.19143,supercritical
860,63.313,12.9,0.077518,50.271,55.179,99.568,43.235,89.196,657.99,1.941,43.037,0.19179,supercritical
860,63.427,12.93,0.077338,50.254,55.159,99.535,43.248,89.278,658.15,1.937,43.074,0.19215,supercritical
860,63.54,12.96,0.077159,50.237,55.14,99.502,43.261,89.359,658.31,1.933,43.111,0.19251,supercritical
860,63.653,12.99,0.076981,50.22,55.12,99.469,43.274,89.441,658.47,1.929,43.149,0.19288,supercritical
860,63.767,13.02,0.076804,50.203,55.1,99.437,43.288,89.521,658.63,1.925,43.186,0.19324,supercritical
860,63.88,13.05,0.076627,50.186,55.081,99.404,43.301,89.602,658.8,1.921,43.224,0.1936,supercritical
860,63.993,13.08,0.076451,50.169,55.061,99.371,43.314,89.682,658.96,1.917,43.261,0.19396,supercritical
860,64.107,13.11,0.076277,50.152,55.042,99.338,43.327,89.761,659.13,1.913,43.299,0.19433,supercritical
860,64.22,13.14,0.076102,50.135,55.023,99.306,43.34,89.84,659.29,1.909,43.336,0.19469,supercritical
860,64.333,13.17,0.075929,50.118,55.003,99.273,43.353,89.919,659.46,1.9051,43.374,0.19505,supercritical
860,64.447,13.2,0.075756,50.101,54.984,99.24,43.365,89.997,659.63,1.9011,43.411,0.19542,supercritical
860,64.56,13.23,0.075585,50.085,54.964,99.208,43.378,90.075,659.81,1.8971,43.449,0.19578,supercritical
860,64.673,13.26,0.075414,50.068,54.945,99.175,43.391,90.152,659.98,1.8931,43.487,0.19615,supercritical
860,64.787,13.29,0.075243,50.051,54.926,99.143,43.404,90.23,660.15,1.8892,43.525,0.19651,supercritical
860,64.9,13.32,0.075074,50.034,54.906,99.111,43.416,90.306,660.33,1.8852,43.562,0.19688,supercritical
860,65.013,13.35,0.074905,50.017,54.887,99.078,43.429,90.382,660.5,1.8812,43.6,0.19724,supercritical
860,65.127,13.38,0.074737,50,54.868,99.046,43.441,90.458,660.68,1.8773,43.638,0.19761,supercritical
860,65.24,13.41,0.07457,49.984,54.849,99.014,43.454,90.533,660.86,1.8733,43.676,0.19797,supercritical
860,65.353,13.44,0.074403,49.967,54.829,98.982,43.466,90.608,661.04,1.8694,43.714,0.19834,supercritical
860,65.467,13.47,0.074237,49.95,54.81,98.95,43.478,90.683,661.23,1.8654,43.752,0.19871,supercritical
860,65.58,13.5,0.074072,49.933,54.791,98.918,43.491,90.757,661.41,1.8615,43.79,0.19907,supercritical
860,65.693,13.53,0.073908,49.917,54.772,98.886,43.503,90.831,661.6,1.8575,43.828,0.19944,supercritical
860,65.807,13.56,0.073745,49.9,54.753,98.854,43.515,90.904,661.78,1.8536,43.866,0.19981,supercritical
860,65.92,13.59,0.073582,49.883,54.734,98.822,43.527,90.977,661.97,1.8497,43.904,0.20017,supercritical
860,66.033,13.62,0.07342,49.866,54.715,98.79,43.539,91.049,662.16,1.8457,43.942,0.20054,supercritical
860,66.147,13.65,0.073258,49.85,54.696,98.758,43.551,91.121,662.35,1.8418,43.98,0.20091,supercritical
860,66.26,13.68,0.073098,49.833,54.677,98.726,43.563,91.192,662.54,1.8379,44.019,0.20128,supercritical
860,66.373,13.71,0.072938,49.816,54.658,98.695,43.575,91.264,662.74,1.834,44.057,0.20164,supercritical
860,66.487,13.74,0.072778,49.8,54.639,98.663,43.587,91.334,662.93,1.8301,44.095,0.20201,supercritical
860,66.6,13.77,0.07262,49.783,54.62,98.631,43.599,91.404,663.13,1.8261,44.133,0.20238,supercritical
860,66.713,13.8,0.072462,49.767,54.601,98.6,43.61,91.474,663.33,1.8222,44.172,0.20275,supercritical
860,66.827,13.83,0.072305,49.75,54.582,98.568,43.622,91.543,663.52,1.8183,44.21,0.20312,supercritical
860,66.94,13.86,0.072149,49.733,54.563,98.537,43.634,91.612,663.73,1.8144,44.248,0.20349,supercritical
860,67.053,13.89,0.071993,49.717,54.544,98.506,43.645,91.681,663.93,1.8105,44.287,0.20386,supercritical
860,67.167,13.92,0.071838,49.7,54.525,98.474,43.657,91.749,664.13,1.8067,44.325,0.20423,supercritical
860,67.28,13.95,0.071683,49.684,54.507,98.443,43.668,91.816,664.34,1.8028,44.364,0.2046,supercritical
860,67.393,13.98,0.07153,49.667,54.488,98.412,43.68,91.883,664.54,1.7989,44.402,0.20497,supercritical
860,67.507,14.01,0.071377,49.651,54.469,98.381,43.691,91.95,664.75,1.795,44.441,0.20534,supercritical
860,67.62,14.04,0.071225,49.634,54.451,98.349,43.702,92.016,664.96,1.7911,44.479,0.20571,supercritical
860,67.733,14.07,0.071073,49.618,54.432,98.318,43.713,92.082,665.17,1.7873,44.518,0.20608,supercritical
860,67.847,14.1,0.070922,49.601,54.413,98.287,43.725,92.147,665.38,1.7834,44.556,0.20645,supercritical
860,67.96,14.13,0.070772,49.585,54.395,98.256,43.736,92.212,665.59,1.7795,44.595,0.20682,supercritical
860,68.073,14.16,0.070622,49.569,54.376,98.225,43.747,92.276,665.81,1.7757,44.633,0.20719,supercritical
860,68.187,14.19,0.070473,49.552,54.357,98.195,43.758,92.34,666.02,1.7718,44.672,0.20756,supercritical
860,68.3,14.22,0.070325,49.536,54.339,98.164,43.769,92.404,666.24,1.768,44.711,0.20793,supercritical
860,68.413,14.25,0.070177,49.519,54.32,98.133,43.78,92.467,666.46,1.7641,44.75,0.2083,supercritical
860,68.527,14.28,0.07003,49.503,54.302,98.102,43.79,92.529,666.68,1.7603,44.788,0.20867,supercritical
860,68.64,14.309,0.069884,49.487,54.284,98.072,43.801,92.591,666.9,1.7565,44.827,0.20905,supercritical
860,68.753,14.339,0.069738,49.47,54.265,98.041,43.812,92.653,667.12,1.7526,44.866,0.20942,supercritical
860,68.867,14.369,0.069593,49.454,54.247,98.01,43.823,92.714,667.34,1.7488,44.905,0.20979,supercritical
860,68.98,14.399,0.069449,49.438,54.228,97.98,43.833,92.775,667.57,1.745,44.943,0.21016,supercritical
860,69.093,14.429,0.069305,49.422,54.21,97.949,43.844,92.835,667.79,1.7412,44.982,0.21053,supercritical
860,69.207,14.459,0.069162,49.405,54.192,97.919,43.854,92.895,668.02,1.7374,45.021,0.21091,supercritical
860,69.32,14.489,0.069019,49.389,54.173,97.889,43.865,92.954,668.25,1.7335,45.06,0.21128,supercritical
860,69.433,14.519,0.068877,49.373,54.155,97.858,43.875,93.013,668.48,1.7297,45.099,0.21165,supercritical
860,69.547,14.548,0.068736,49.357,54.137,97.828,43.886,93.072,668.71,1.7259,45.138,0.21202,supercritical
860,69.66,14.578,0.068595,49.34,54.119,97.798,43.896,93.13,668.95,1.7221,45.177,0.2124,supercritical
860,69.773,14.608,0.068455,49.324,54.101,97.768,43.906,93.187,669.18,1.7184,45.216,0.21277,supercritical
860,69.887,14.638,0.068316,49.308,54.082,97.738,43.916,93.244,669.42,1.7146,45.254,0.21314,supercritical
860,70,14.668,0.068177,49.292,54.064,97.708,43.927,93.301,669.65,1.7108,45.293,0.21351,supercritical